0.47362599268555633	-0.07298262765705628	-0.16094586739987155	0.42411364871263496	0.2494848541855805	0.347822413101792	0.40616533631682405	0.19872147098183607	0.07217263712882939	0.24546866481006097	0.4398984265848997	0.432275170147419	0.34189458944499496	0.16088223533630383	0.34694596480727136	0.3090264692902561	0.20078051556050736	0.32332471368312865	0.25201646499037783	0.18105516179800032	0.3223559063136575	0.11260472569465589	0.2332674393251537	0.17558954480737426	-0.19264933507144502	0.4665887562096122	0.2509998382538551	0.5679901918619878	0.07331322119235956	0.4964633272707465	0.4901628098666665	-0.03718306618034873	0.1952598729789255	-0.2077000999510293	0.37327191793620546	-0.10192084788382075	0.15401324748694886	0.16170600031912274	0.40603885549902935	0.3939399799525743	0.2053045959517356	0.2760648738831279	0.3193165226131676	0.4175486677855247	-0.04073930336236984	0.16124694835841658	0.2737673858195543	0.332357420918345	0.29764397715032104	0.4648018584191793	0.41615869059860716	0.4724398169219495	0.2804703671276568	0.31459114459454984	0.12044993026554532	0.1858762639671561	0.41544989719092845	0.20193959435969566	0.2661957387834781	0.4131531364411109	0.30788863517344056	0.12939952363967877	0.390969839578867	-0.017055794468522414	-0.5142072243839514	0.4463380605101584	0.311651375821233	0.3217311342030756	0.2289787379622459	0.43219609333574766	0.25451280966997114	0.574102541741729	0.5913114834517244	0.21100730436742302	0.3309982273727655	0.20237967236638071	0.2663130045413968	0.3370083342730997	0.43511990978121745	0.020091984236240062	0.3192012451231477	0.32122271821200843	0.49880377469360787	-0.08924826336503071	0.3512459179341789	0.12459612047970252	0.36695426984429336	0.24952779172956907	0.25970427452027767	0.07400457687079866	0.18470089981257895	0.07678351836316262	0.2076586871415374	0.16597607355788355	0.2373541985839606	0.26301524720191954	0.2040266688793897	0.4991456911265848	0.05323880974650391	0.25863124325871484
-0.6133408850908278	-0.28019964313805135	-0.687763321468234	-0.7243772767737519	-0.07895124981552411	-0.28385174126327056	-0.5006874941825867	-0.727733567097783	-1.7700310717254883	-0.8321204617308466	-0.7471640840306889	-0.7660828605622064	-3.965722738575934	-0.5840380549550057	-0.3995785821020605	-2.25279378865063	-0.7703899403750916	-0.41163630346208857	0.0030668901711698097	-0.4627886191338306	-4.2106524186611205	-2.4042976828947684	-0.21735298716574977	-1.0571652745500186	-0.09637980510294455	-2.577460331951084	-2.2447474771812557	-1.1189395776808255	-0.09278931268751658	-0.6262125409748405	-0.28591103852689304	-0.17542716743052003	-0.4182766166031357	-2.091840856182578	-0.34858821709454063	-0.23405108148753664	-3.302497647377849	-1.5710300847008836	-0.53590999891758	-0.2890971382707358	-0.5139409134030343	-1.7079268675714732	-1.75474261995554	-0.2276043657511474	-0.13981087739616677	-0.5503582054167984	-0.47360064558386805	-0.685265454858542	-0.6801094210326669	-0.5329330509334809	-0.48849240855276577	-4.252081128838661	-0.3421749986246225	-0.17398224107623103	-0.6358971580788494	-3.2391174253672337	-0.1986228234685959	-1.1282010814592243	-0.09775689105689565	-0.7035672747254378	-0.4354109668672082	-0.6274329467251905	-1.0674989990711221	-0.03428090243935631	-0.593259551256895	-1.031302888962628	-1.404351796793937	-0.12739236848056368	-0.7903679851740597	-0.32313277759849995	-0.46083195818364653	-0.35270073305666405	-0.7505201393783099	-0.6558256911233067	-0.7539139295056451	-3.370174890792371	-0.7158438571393492	-0.9302046574205165	-0.024326015526056673	-0.39846112236306086	-0.19012278118133583	-1.5522509629130328	-0.20296562112569844	-0.19179674562215832	-0.19419981983229548	-0.48454607120454346	-4.4435895653605435	-1.086134201616049	-1.1427281419754036	-0.6111744428336624	-1.3620818327903763	-2.1128428714007135	-0.7631255158633	-1.013237895640732	-0.8952241412699217	-0.29418666399121335	-0.6982828440099945	-1.69577651537359	0.013351588922738827	-0.3329248503327375
0.22249208900034412	0.12278652968108662	-0.14441647382080575	0.23695303376316987	0.10368525396883449	-0.4329451913982622	0.1925352971628306	-0.13323776698112524	0.057780077368020565	0.07987231192886804	0.05977476354241363	-0.010578478369117109	-0.14056164702177054	0.061050021588802114	0.04128119326531848	0.18335692816078625	0.23973672302663301	0.13686983130872282	0.010386282783746321	-0.1072240066036584	-0.010055345928669296	-0.0017581283718352697	0.34712041581571107	0.21176340815722922	-0.01385209939703374	-0.18565740281045434	-0.09010785007178818	0.08304525035023645	0.03982970872819391	0.1795161429852247	0.09771786880493133	0.3472321664065131	-0.11520728009492162	0.009810561619698722	0.058386540824174764	0.29359386097192813	0.1580044278919694	0.2399621018290517	-0.18799005323946463	0.017256106829642907	-0.14081189321577575	-0.06774167622625835	0.15082157304584973	0.14242443343698952	0.07242659924924345	-0.2519791210561992	0.13270416049659206	0.23794210163354879	0.10815675421655122	0.05977514392435514	0.016219047141074847	-0.09173921474218415	0.04251542569100829	0.03927617530524688	-0.19527688581347497	0.16041058312803472	0.16663276331126675	0.026579412797093055	0.11998312652111054	0.2864743750184771	-0.10997476402223148	0.06326945883333643	0.19269224776625596	0.2701326048761609	0.290845895946026	-0.4689808587014673	0.1638849999845025	0.13407053384780876	0.30124798815250386	0.2634378847673534	0.15113672880530327	0.09131873046755744	-0.03376513454020042	0.020579642295837346	0.12346930058002442	0.08096158581376048	0.1606848997980355	0.13390131912827477	0.3618568056613206	0.045115143641829114	-0.24320080724954635	0.16430853876471524	-0.02197247011959585	-0.14523425931930561	0.15193325422108145	-0.05104470771253138	0.10593114385008782	0.22448879715800263	0.06820786345303027	-1.286690894618629	0.16060590774863934	-0.19396692515015604	-0.05831806122362614	0.0007618816316124306	0.22646076785325972	0.0864902976840733	0.2514208734869956	0.2601273392975329	0.20121461277306044	-0.0548819594770673
-0.07360799928605592	0.2749820611357688	0.32632434505373303	0.27077208901643796	0.29567407572865456	0.31645914922952645	0.33487130733430376	0.27749414531588507	0.3842415289878835	0.48584836546480736	0.4425221985459326	-0.2569883332729347	-0.025192165368795885	0.5131211377978327	-0.07520800373554253	0.2964721648454664	0.2938272954881188	0.19891188269257512	0.3217229638308289	0.41000115057528	0.21115358578860768	-0.10329381820261503	0.18530578178614365	0.2787368609845637	0.3633021706938745	0.1653007727175951	0.36989106743335726	0.10042673141062249	0.16165691421031925	0.42964341602325407	0.0301193158358332	0.20147175441682347	0.06808307246565778	0.39344832816123965	-1.2900769518047575	0.17997648262903082	0.25956906362473936	0.46801883546113904	0.256957175993919	-0.08529028494954119	0.28537472966760374	-0.009654928269982573	0.1774940973579884	0.11457718809246985	0.47082863983660933	0.515832527092099	0.29241025626063333	0.022710752686858002	0.24258287471234777	0.2978210411131382	0.2612603893429038	-0.04563554800450787	0.2108954757556321	0.08275032039880745	0.17820357635021195	0.3475539346605536	0.2907267579972746	0.27128169391155205	0.42413447256386294	0.29693898217082015	0.08220176851451369	0.37033388715982385	0.20376401596069327	0.2565914970099925	0.4496142249472439	0.2860388502895831	0.1526634984046219	0.2106821153402325	0.37502109760045954	0.12894411852955792	0.479694066254795	0.2250728268772361	0.09155161228477955	0.23322228845506893	0.3369470043212173	0.45176280921697637	0.4951572246044874	0.17106075671613236	0.5690883057832709	0.5277587803751234	0.17634613589942436	0.36103303548991666	0.198587052157521	0.28899740257263146	0.08122092181742174	0.5953438275158401	0.43790036300420737	0.22185979580730184	0.4177825043320659	0.43744134138375496	0.18977917444706005	0.2707264265090225	0.3311728241890664	0.4102337925851346	-0.02713007061481516	0.2708664695382115	0.30856937162280074	0.43157421986758704	0.1667358465015885	0.0962537720024586
0.39786417810022845	0.13460487429797627	0.41459232248365874	0.31144687708616237	0.5204643862843518	0.2480363485932348	0.1797470722317696	0.4813052695930003	0.314964680966735	0.42836835902333203	0.46027103754580057	0.31718029994368563	0.4475564968287946	0.31259399562180057	0.4574535962015389	0.22581200860142694	0.2641189749643209	0.2840912119880314	0.3262270340830088	0.22547400908172127	0.22535786375701414	0.6374407610625039	0.39269195830225906	0.2670697282634676	0.1568621831268068	0.1533929986357686	0.22616819300651528	0.31180607029199614	0.460191881230473	0.07685293740630136	-0.010789810240269126	0.21369600653350337	0.5372862971425052	0.42489629899859427	0.19434974591135956	0.5206235812224445	0.32203283562958257	0.31129407932460285	-0.0687159979373219	0.04757557594776163	-0.027421601304412242	0.37548834937214803	0.266746575395762	0.31002642281651455	0.39289462809562686	0.47111269365847086	0.3120224321186541	0.35970376443564905	0.18129878047108625	0.32654428163468796	0.1084932281836863	0.2909116224110122	0.34588105579018574	0.3607359946563837	0.2721850492507217	0.15035808546543106	0.4002719858080144	0.43340524901598704	0.39455998122096	0.3869986846625799	0.3597026038706301	0.2463914448559284	0.3453021706223487	0.4087202136993412	0.4239001275837418	0.3711754105865956	0.11888453070819359	0.3433070009142157	0.39860261674523245	0.049629966919124004	0.44970122907459714	0.2683911156922584	0.33927306104600397	0.3164747179150581	0.3495001075565812	-0.31352214268744033	0.3821221971482043	0.1597128932237623	0.3297608550310132	0.28578051526546466	0.41590430727452	0.4433814004629844	0.4591452841132878	0.24111558192670288	0.06944921545684302	0.2000575884193176	0.34689577611982864	0.48989922978579914	0.4563792185068133	0.043988230562209706	0.2888132569402459	0.41584730707258	0.4605411396503448	0.28527287905812243	0.2431476157844062	0.412608542919159	0.16960434698462507	0.31760311039090133	-0.05817706567943132	0.3638747851178052
0.2410855855345727	0.08478409801721551	0.15097705501168934	0.2712404118657109	0.0899377240717411	0.40401276845037887	0.3603789618104701	0.20777296771407094	0.18067542857825722	0.14823398535549603	-0.05794654549956342	0.4201612198978657	0.39266144098937567	0.31262663302123556	0.16495847716033502	-0.3045851516589526	0.39499349356293706	0.2753841500520708	0.42102276305556297	0.5034290303796531	0.3315884012550109	0.11346742155253862	0.3158177692741159	0.18498935924172352	0.07425568103492239	0.26761535287201316	-0.6091540757477285	0.17799614095091804	0.423769507861137	0.1237288409948346	0.08256439159810504	0.2274412164777513	0.48127917505502665	0.2954725835144526	0.34821723023056994	0.14625770067572566	0.3194854321435094	0.3728109312981363	0.23693226297199688	0.29883181311786106	0.23967334122061737	0.4030447114527227	-0.1460296561419966	-0.8172267978340391	0.27107799579501174	0.17741842305958297	0.43392326498031597	0.3849808240830897	0.17138372709155048	0.42178703154325503	0.1609251866400239	0.28234906216859823	0.25542592584192697	0.3712468512892727	0.2591916104435916	0.22156174243390567	0.37373304533660373	0.1965750906765465	0.26266312162280087	0.29258906356394254	0.4244563740745186	0.2474669486880299	0.2820244174152607	0.1825583143174647	0.22141103503704035	0.047892750030755896	0.1662617844969031	0.2188392686948177	0.37057008474469183	-0.08722435197532205	0.17500440734624872	0.22077154242098312	0.19338000999987143	0.40662974619865394	0.28199412100315113	0.4283251888602971	0.14735396345853774	0.15224163018465015	-0.1483939267441633	0.20430193426906984	0.2751758733779193	0.4143920996725562	-0.31107734940499077	0.33089461675286314	0.27451601613163923	0.2150697078898548	0.07209131003916247	0.3546717096596955	0.20350543710887425	-0.24246361358761814	0.2345959253400564	0.25808442941606013	0.3446466940730814	0.03401700332760789	0.24237175251841556	0.14443880834281458	0.26787212247550474	0.22736678771376564	0.14723153214752646	0.2958152500391006
0.46077324479445864	0.08625734224915504	0.4152634992361067	0.0737728041946885	-0.045406933027506195	0.03975881700217688	0.12301287572085835	0.385485445672274	0.1428477954611179	0.3957500583469872	0.350587755694985	0.2244453954458236	0.29976228180229675	0.22776940239071852	0.061134891879558166	0.17047565645277502	0.33735660885274427	0.13996384941637502	0.26558846426010113	0.030902383807301398	0.3121294839233161	0.21713173562586277	0.2991180958777667	0.2893065338850022	0.33163415244519656	0.29137745149731586	0.12168357965648158	0.02276030830740894	0.28414032959044017	0.16059337217509712	0.2787447306931019	0.37764976805150496	0.40401686108112356	0.3246253709792157	0.4479778497144575	0.31383379435539205	0.39380234564840805	-0.9745076869115236	0.15123374139368512	0.43039003739058956	0.5216862091392279	0.24458512388169723	0.32687387498319176	0.4450284275382754	-0.12100985271036668	0.3310657089114189	0.49214774344861445	0.32110577345490443	0.09192497130930409	0.2250958506762977	0.05630121557116474	0.2578138927310702	0.41436130596697335	-0.10823021177053477	0.3916461553812026	-0.0013585543513299342	0.1770708276614544	0.33492043036222435	0.2828149207800623	-0.3732717061281206	-0.1277593054637315	0.39507374456822897	0.4291450852870942	0.2479415470808742	0.17479644897282084	-1.2287316336825482	0.03661134194135638	0.40949561561047976	0.21613968563675834	0.40559335309863104	0.23995027410388012	0.14594399633109523	0.24141170496940617	0.111407266610861	0.17204165674149954	0.4039632607966654	0.025218529698252605	0.4588061864167461	0.2235855159252879	-0.7063564203888171	0.33682408272325987	0.24102861444652046	0.15205227987766262	0.14961852895915484	0.23726858127713182	0.2974473193883892	0.3286635580062864	0.26870276905894286	0.4124332256168122	0.19701332108974431	0.09194705942720159	0.17951306204497774	0.225874241143465	0.19927675293087957	0.2546489921122788	0.2991477782309055	0.3944924648478625	0.35080440270900737	0.47534510057270546	0.39453400228172547
0.25167468740046	0.15632977328300457	-1.4007005252391118	0.22255327814519407	0.41332807919681075	0.08270524335503546	0.42874207583069807	0.3334928972214458	0.3718859403550628	-1.3396186238795524	0.1518021350756286	0.19680134491920437	0.2383485701173541	0.42847800899818556	-0.8277627964660527	0.30599990392327303	0.3158341525793076	0.5256737174242732	0.3165817388594151	0.3998217296034096	0.13736287852823703	0.4608573819786317	0.39041604030132293	0.024137177860736374	0.37156532828956806	-1.0834801230460416	0.49498264730572694	0.41618658257424834	0.07742458908259851	0.12695238384902446	0.2740209530204536	0.5043249994575979	0.500526519739628	0.4261630890160798	0.038568945357203115	0.23317672344446186	0.3310376115709545	0.10755237494111027	0.19539918260276304	0.26076431018412105	0.487663556626439	0.4692015838563441	0.26609555832743614	0.15850169545114018	0.377854042959213	0.17866245358884353	0.2037967778533694	0.4684222478508947	0.26371905005276197	0.22611995097994816	0.2232440318047994	0.37448743142560187	0.14291679671406712	0.31038978278040874	0.18559222532510733	0.42701257948130344	0.16330137717425794	0.24258137102872104	0.25923518376201327	0.376588008394837	0.35419761273413886	0.24054747817814331	0.12630574406236392	0.2510872091531752	0.3580901318743829	0.5465824867665765	0.07091013298630673	0.3548799497753377	0.32493810416310964	0.3517333724826573	-1.5668334936589003	0.20241061168163996	0.09011398226916768	-0.19653357966244253	0.3328431968033314	-1.3646625300794855	0.2656333805460482	0.36685385196506987	0.029900608530640284	0.35570449827909423	0.4904605107694867	0.15623842829763873	0.16598867478370646	0.0361880096122623	0.3550583137392995	0.4599171478480101	0.4276872202277183	0.16254651252627353	0.2510595952630041	0.23280613609850412	0.34892693762183147	0.0653257639348507	0.31021747072040995	-0.1615223465025425	0.23258530366420724	0.37418580460250345	0.5286379153400662	0.34692601171135895	-0.12330870213210628	-0.46468205557316533
0.11079839812815206	-0.17033468191772688	0.09918020282983747	0.29258756953775916	-0.002785103790462424	0.09466685608029321	-0.19946307870596675	-0.23593690368533135	0.1034134628280995	-0.7226287120401867	0.07649992977976777	-0.0179360050722959	0.026698179538547934	0.04244324237108203	0.1506758889943361	0.25435016265213484	0.16019261306524263	0.09881231520473926	0.0747494464710352	-0.8011671201422806	0.2539948740541929	0.30551381983458953	0.2286730813115836	-1.2778078801959745	0.14891279870569707	0.018842911806702303	0.1755001156955952	0.20847693795561767	-1.3951458291888221	0.22584399079680426	0.22505925479903824	0.24340596239864823	-0.17162617810964612	0.10916987417638264	0.12980581801682692	0.11194754152745005	0.07998194215297665	0.2344656418561933	-0.26952134161889546	0.07137059901654698	0.3460260058790446	0.2520304845184088	-0.07702691719233987	0.252410656017065	0.18868606296181661	-0.10343580764532122	-0.8562862970143569	0.26379860021546486	0.2164401542276139	0.14427762690186482	0.20998444654345502	-0.0581058061063294	0.12508501155301877	0.16321738325953453	0.10578986039757714	0.22612869440019098	-0.31992207337915934	0.29052164002060854	-0.2119818699538709	0.0028570938050742965	0.15894533780217135	0.09487766591906518	0.15827497662007806	0.10556704653799492	0.2926815881878133	-0.11993865639567428	0.12952493026554546	-0.16533873313665398	0.3857954238027331	0.32053496199250225	0.1288710664749144	0.22316967238783816	0.19477650961577925	0.17939817440211753	0.13653032212555383	0.10404883374869817	0.3727178872078653	0.195232874174416	0.00655745542645414	0.10435238667279471	-0.2562099987119444	0.07503349693417516	-1.1501362613260755	0.12893188357949245	0.13472376554310286	-1.4176035334318895	-0.13445290748477026	-0.042730389282107574	0.16709514184296123	0.1310660163551565	0.19563757249712918	0.24814086498320095	0.15788818542361271	-0.027647337569296812	0.11572675992548415	0.30923730973899377	0.22680455947816355	-1.4849940058536824	0.24471479493081558	0.13417924236655243
0.37503304841518403	-0.6554531952425832	0.20764218345582464	-0.035030815187097004	0.12658945877850028	0.309072730064392	0.386520105972886	0.6670460181206458	0.16177957515716568	0.49890680188834613	0.4628966094553472	0.44010568093061486	0.39047670724391953	0.36927907919585706	0.341657773533463	0.22707854517698267	0.17974805011153178	0.2976931573957206	0.4380737726181746	0.3737587429508565	0.37305738492608115	0.3104331742376088	0.2681676327258345	0.23305355889499174	0.23365105520784815	0.5003846518188713	0.2521743453770874	0.391319428396225	0.22302016096413085	0.15999942940771578	0.15274183340072608	0.321674264067411	0.16615001389682277	0.2943842943429952	0.3644897180229421	0.3854893527537584	0.21691825814545126	0.11939711500108242	0.2575016378968952	0.363718431797624	0.308808584049344	0.2732750150859357	0.41256922913789756	0.06565087948143447	0.21011871570348736	0.3667989240303631	0.1106933563023803	0.2670411160409446	0.2570773438841106	0.1933887724936008	0.33412155326008824	0.5132400774478915	0.28765720259100164	0.05282206343710393	0.25867745803147546	-0.06100228625536014	0.050671195194125045	0.2327856894046069	0.2126299365580083	0.3859530167996881	0.30486366907954204	0.3356826514333486	0.2745528950087724	0.348338488839567	0.3538404180049894	0.3936795527130365	0.21570583053231224	0.27709503550380493	0.4045392813086511	0.14804351789057243	0.275615659111738	0.47333749191760954	0.16565735876262186	0.3128429540902377	0.5171990523964174	0.3901276044011119	0.38822446324974313	-0.03565243892371705	0.39469602840840845	0.006577018465101701	0.3219921284079552	0.3128238752625881	-0.027877937015891443	0.31682297100573764	0.24472559526860743	0.4223634971499446	0.1357923481494185	0.4101796613156798	0.3322255700439212	0.10644157527983183	0.205425024116039	-0.1493506714880468	0.32283096152246	0.1451460189312693	0.32021813632845886	0.16233521497845632	0.40904751145541696	0.08135884487628917	0.36706522158086285	0.3103057729989288
0.2943198227286334	0.3211467815198	0.3498850213840605	0.10023645384460683	-0.1659231486529116	0.18599149832427492	0.4217963774025437	-0.033089575013518724	0.3861461728706953	0.3184270550072195	0.392803642705083	0.20805024389326607	0.21353071872889948	0.16091830667257295	0.38480188134908644	0.43571970093250195	0.1864683661356566	0.39862429814189715	0.2969514683544637	0.4752397697091105	0.30943238041363647	0.43660636811554393	0.3492953451365233	0.4958707245200864	0.22852442095279657	0.17683898482583446	0.2549664819195863	0.20526305281668844	0.4843833061397078	0.27428907569646815	0.3366674176990982	0.31667118675112665	0.1200144995868207	0.2708910500407218	0.5002150173634298	0.3281448734629893	0.5245449969619512	0.31235141810476735	0.27904130228161805	0.0959326539665458	0.2475559254407879	-0.05159659378826667	0.3179850312277674	-0.04051240268200661	0.06125359956920123	0.30838798349946694	0.5474012703448526	0.22130790428221217	0.1965225436344738	0.1990461150348185	0.29465158807635283	0.20029955166578264	0.4369020074903963	0.41861404305100464	0.3194095643728968	0.4136474361658097	0.24365055415630332	0.46241616036891936	0.4048664898782966	0.034694833028316246	0.28532031964361676	0.1799148753315206	0.38649395579993673	0.3014070949375628	0.04405474320054061	0.2041378756731748	0.37027339826077194	0.46405862738192066	0.37444781695008267	-0.06408986438512836	0.33892126405239054	0.35908526402115803	0.2554254875987771	0.40262706402242143	0.07421702763140191	0.1234276943027969	-0.019139092296362164	0.48231874003112374	0.39211820560693744	0.28524293460845934	0.2345920396789912	0.3507331133753065	0.47151112766861936	0.23710004951059804	0.3349368390142917	0.47464824077486967	0.3025834549009806	-0.05609205511510405	0.2164338604390619	0.4793420663297179	0.05452778604328621	0.5261413258910178	0.303142306694388	0.22489969506859742	0.22079461745023712	0.5798645822465419	0.5874022988870745	-0.004144390354305519	0.25220763832032683	0.09563543239831886
0.11562078721523286	0.19359868565201738	-0.6613328415572649	-0.5684459517419342	0.08310593994855853	-1.0216772880596097	-0.10424194823503521	-0.011577665624022801	0.08705567747056465	0.23719581803679454	-0.8378520007401714	-1.1036916331544515	0.11462328055500953	-0.3437476112306121	-0.09080737186074285	0.15753591673672188	-0.20150406810045232	-0.5223888874918228	-0.9345831703454265	-0.4162998167842626	-0.7341171779051427	0.00960230966061326	0.1964581839919091	0.1916455015420915	0.45199282146990305	-0.32775255241990087	0.3107160220474008	0.09962709968388042	0.017057060912251256	0.145120478503406	0.006891452252864438	-0.2638213466614485	0.28324443346857986	0.187413322523236	-0.2722171876132491	-0.5303998587965959	0.06051815603077372	-0.20746510585993547	0.2597257684290407	-0.16376712504625324	0.31408872107267394	0.06500356619060021	0.0917218119353059	0.08364488128125626	-0.21787255049645957	-0.098899644893408	0.09700204310715167	-0.4749818920522932	0.35860940291881543	0.037738345067202646	-1.115385930214449	0.16428272154331186	-0.09847758654057973	-0.27769792383909236	0.18273181287050214	-0.5792858199656014	0.18488317579328975	-0.18471177441179776	-0.22545873554944992	0.003675015150010131	-0.040306524896622	0.08302667874470313	-0.780178654807806	0.11811026568561772	0.004823295097797667	-0.4416820766806604	-0.09225234648436358	-0.10032977968156372	0.37539448069036013	0.029015247108041944	0.08398118406236157	0.41771532495766867	0.28105959647297807	0.06657795904278711	-0.21654980380237118	0.3556132371604441	-0.7169287107497457	0.09249342420101146	0.02447547321915586	0.09752544287741156	-0.03777021646797704	-0.17721464546918897	0.0037917058080432354	0.19266017176806902	-0.40344367520511154	0.13180621531903716	0.20075103968083854	0.08059917223006463	-0.006092052970826801	0.400441476234794	-0.5052454986542466	-0.02876812943518201	0.13631750667095202	0.30882000926136943	0.14700804286748195	0.17192377675175632	0.338204946599901	0.14360067798346315	-0.7861272883415231	0.21535257126688945
0.4017710259795189	0.5729727909028529	0.5689557193964723	0.6320311525374651	0.4578678068935871	0.5046106669336561	0.4566255396097895	0.30377621442973574	0.5578428253352644	0.46481201694905716	0.5876421348452568	0.5851163059353827	0.5152821818858381	0.5710574379116289	0.5014450278609989	0.4926930687427511	0.5436414863467212	0.6799188978016381	0.5138709824442868	0.5480981513679033	0.6730440870240331	0.27511907850205924	0.415413463073969	0.718953642901778	0.7482879747331138	0.6561401108980174	0.7469689845234161	0.575109428882599	0.5228567364722491	0.6266929830670358	0.4180194533944133	0.4796039938390258	0.7024832808613791	0.6515175663799041	0.6787421120673414	0.630876990699768	0.6179080620110027	0.6773691440641886	0.7584138877332213	0.7013705542881048	0.5676970354795455	0.6236629422217603	0.6936866994410744	0.39168499119579775	0.5404897246211763	0.4986894313871856	0.38455719280242956	0.6532349989205601	0.5462639096945529	0.6335958548039202	0.47274643541723504	0.5475743426471944	0.5220435167789449	0.5385727869570247	0.6075746552497143	0.521900001864136	0.5088299459666014	0.38032121511399725	0.6589480982020495	0.5850800275504577	0.4343105384260417	0.5269546521797766	0.2803344033330674	0.571238973133266	0.5000114171862602	0.4979851412445316	0.4712024647761137	0.5923462941139939	0.3421676217794413	0.35304180128276313	0.3878189917862413	0.3830739710360765	0.6371074796706447	0.5196651360005142	0.6859549663126471	0.6948152511000625	0.6902307743594049	0.5524223112970591	0.4241075718909495	0.5032512167543172	0.6727803303509953	0.4329841601729387	0.5425099769949909	0.5206956325739626	0.3723572360634796	0.6206537340849649	0.38084893504381123	0.5230253035753966	0.6233223836064348	0.5879412666574115	0.6654307374358175	0.633395298629999	0.7114252608239646	0.5502864803373815	0.4845680147856473	0.4126942973703148	0.656402406948804	0.397377690312266	0.4550301898881789	0.391287894451618
0.44677430629432197	0.3076582355350255	0.46798254853487053	0.294522725883126	0.069994931411743	0.3607886178910735	0.26613775552809255	0.3588704499453305	0.2910348578840495	0.3124772398978473	0.4755436015367506	0.1642434622257945	0.3312715002924199	0.40353531410992116	0.15316897065341503	0.33923603427112137	0.3708104880332943	0.3865503480717539	-0.07441281357705623	0.16631725382804838	0.18186825163662423	0.33181337038874614	0.20536866095960132	0.13113157557845095	0.22952984866052906	0.3676664140686389	0.22494760565459715	0.563786703512073	0.331469979867339	0.42554724779576025	0.31232181486785404	0.2862347685188059	0.4474544706553221	0.30828610070049706	0.25941092931926213	0.4152982987135649	0.31823289420008644	0.2557637351483106	0.207672795969248	0.3022359039455656	0.34598415324688	0.2472206206083298	0.5617942132651809	0.11181886578798257	0.33454641627520376	0.26649227564632877	0.3695320978015663	0.39746192002594494	0.3785759916365149	0.4117002554118625	0.26109299823045706	0.2686880376696586	0.37233972036242396	0.11573422579765294	0.32077088239788937	0.4121398439720272	0.34933121754825075	0.055796805144846286	0.45208599106669495	0.5062144802212711	0.05307511153221105	0.1160016890466212	0.20826185219287835	0.20253816163539842	0.514344883331656	0.3211396127760413	0.06463959400653789	0.3205951185554264	0.30750656491518036	0.0018849142283197961	0.13899783796221019	0.19984977116733807	0.4071131319880484	0.4803361130803824	0.2363353133291004	0.4711515972554683	0.29848858425915237	0.42803482107520047	0.08689296751320331	0.05926295849084846	-0.0047318783909083536	0.2250666393026708	-0.14566972008645568	0.5266840054661045	0.2672887839108702	0.39618838537633344	0.13489026749879066	0.47888410487174976	0.12294335509538624	0.27034014636129156	0.19451112479716548	0.3435597775161268	0.2466418005406857	0.39233284614831215	0.29447765465080733	0.4373646119892601	0.2859992266148326	0.3268680485919112	0.14995401584804074	0.42875677908211934
0.6976025510460141	0.40546163463890533	0.45697189503014085	0.14093805987536903	0.520574220007658	0.36847102123498887	0.2681338276088239	0.29174567855298544	0.527463947099448	0.30439622566998004	0.4720615683734418	0.3010789136081932	0.44558506313860413	0.23413512640595444	0.23634488894045322	0.434138028100133	0.31697759065926057	0.4048388009756801	0.4030267013907434	0.4012327910780909	0.33357685977816603	0.3965178114831442	0.4221420502021912	0.5120518869936467	0.4597417933940885	0.5150709353715173	0.43931405718326516	0.37456527393162264	0.2585251346200702	0.49170488677546376	0.1806543919384476	-0.010481018719077152	0.37794237979352435	0.5829670534431929	0.2738776788607238	0.555008599746227	0.2875969429731369	0.2938562590301042	0.32743515792489014	0.4623033293068409	0.6098016728252177	0.21998417335152617	0.33416049575805673	0.32450599314272377	-0.0030580231770874077	0.4938435987353316	0.17637195270955563	0.4254080068260434	0.4163133191853764	0.3325748498499393	0.3505530646800995	0.3769127808213233	-0.1603172046914701	0.3657875896871089	0.3121812351226803	0.4152931239306925	0.3466366098403931	0.3525471349030734	0.4158433886021373	0.48114065519273275	0.45888292166590683	0.41344075088501014	0.4225881480544799	0.22327511579319817	0.37922472108602445	0.3660777044475075	0.10445612336099115	0.4717822764605288	0.1366351226806638	0.5431409599050876	0.4044146890148517	0.2823081522136924	0.42725099946856493	0.5127807151794432	0.28787684341073033	0.42588610082268685	0.500216960939765	0.37610833958983453	0.26836559244096275	0.2357748765736817	0.28554967665672293	0.4370607360333204	0.4269344929873944	0.45332341906130275	0.2925159610033037	0.13655775935351847	0.40948797147199506	0.22393312459290005	0.14678213162124157	0.22457942251265015	0.42463422340750695	0.3801582961648701	0.3941978215008972	0.44920095549821853	0.08723796524405468	0.42717433681339056	0.49890808346271537	0.567037855139375	0.49917818056047036	0.607013733622431
0.2771167808085674	-0.10380175372958134	0.04151608809828724	0.24576460626423324	0.3299207196593285	-0.07963779053092034	0.28528793725967383	0.3828530175507066	0.1173474121719598	0.2296846443802114	0.19722206239402285	-0.04920121047496852	0.13629509163200854	0.11100293816626051	0.01335084923058717	0.168430355674028	0.25317127235531783	0.2928814244359726	0.339541348710656	-0.4158818366646768	0.2231161948651075	0.17988167169392075	0.16191760469973113	-0.09689304295480304	-0.5058546123698362	0.285804735162854	0.04869928061813112	0.12188136117681846	0.25053870924711225	0.36657908493578445	-0.024855609843135135	0.23411510970741523	-0.09356188636422194	0.038891894143819314	0.14585415745973557	0.14281317954659425	0.47344314882755284	0.28232210554778553	0.18029833922684196	0.2177215416908263	0.25643093023300173	0.06910113033354244	0.18596576632261325	-0.5205689646556972	0.23857845738530156	-0.3457441143423321	0.25163033756315706	-1.4304920841038213	0.15426242146939026	0.10059674805104708	0.2637733716428275	0.2971353829503058	-0.1537372653990987	0.10237240698337541	0.08545386385619601	-0.3351543414101006	0.2977759166598319	0.3087777484297749	0.16635383063554723	0.32287108415067206	0.3853784008532762	0.29137995432615266	0.18442699291408057	-0.14820153025984775	0.09462478975057574	0.16938217602521147	0.48183579010069305	-0.34239358584582796	0.3407266212701797	-0.1072816838234663	0.26797697460949393	0.2214693107426165	0.30145131517946716	0.22140038970112771	-0.23357759994566477	0.06882037552297084	0.12003244219422307	0.2956569959908722	0.21238273950815206	0.1447834591209886	0.052625640888511876	0.04376299158036686	0.3414695020824671	-0.1541922459870576	0.20249553972184625	0.07054766150414891	0.3344675576388835	0.21116507961750033	0.37639396823048626	-0.42517964508533485	0.12461573643088322	0.12582806679606426	0.29986247509568964	0.12002936583459353	0.4485449886143208	0.3463713017866012	-0.2629050822317602	-0.06013205338716538	0.1913172380432486	-0.30733727757632734
0.6387302347540846	0.7152638190686706	0.8106976534277198	0.5924694704368714	0.5357981593370438	0.20850858345329723	0.6381071068853127	0.6960898023962973	0.5780986019968983	0.7754049274593586	0.7045107579112067	0.7208013211697345	0.6924100220262988	0.74057770792991	0.5721717027187347	0.785856095080077	0.5594087933123121	0.6943519736319779	0.5888773001849651	0.2960424846842884	0.7070296660661689	0.5792148485481738	0.6619106034025544	0.5432140149950975	0.8040895670294758	0.616487556552887	0.7597272033125166	0.5603962973207226	0.7445400169447057	0.6020504429399975	0.538401831781864	0.7452079824328404	0.3861376296818254	0.6670623659908768	0.6358822458028804	0.5584346387624737	0.7525322230935099	0.6199680855363612	0.5294504667937755	0.6713667956650261	0.6961821937292816	0.6925831729918721	0.6768745302826167	0.4659916911602017	0.7579749767243855	0.892204021817447	0.6591330062896013	0.5399016937792307	0.7089728651165955	0.6812407711297276	0.6823939318627111	0.8041058593004939	0.7579575218498702	0.641434862872959	0.7328052115321161	0.7313890042334792	0.12894839773178088	0.760856148597598	0.6613116129428153	0.7434438578158618	0.648277319213748	0.6918776866137983	0.7997028958037502	0.45526111776530764	0.7123379410803319	0.6222933643728492	0.35303009161651144	0.7394834526151421	0.6662741207569849	0.646819215986133	0.7380058977186682	0.5304210406556719	0.40276005443334567	0.7456219534188511	0.6907338566243638	0.676175096589326	0.7080069248944529	0.7095298691093914	0.7017227159976962	0.715430187281966	0.5401813071548943	0.5567718520626427	0.755482521259785	0.633795706880093	0.6996511656343939	0.5243880008548496	0.48242755787670594	0.49595664052963234	0.7275835224330428	0.6415498774856321	0.6329200889527821	0.6809323137223715	0.54433471761942	0.5836108003348107	0.7499910599589346	0.696465324707329	0.4339856238305568	0.5560546018391858	0.7691419305413969	0.6880652517139914
0.8467763846665611	0.721692165482045	0.8652313036859044	0.7180220846638071	0.7818979525536306	0.8458664448201656	0.6922213774681095	0.842431018698216	0.7243137166649105	0.8383366360232231	0.8636114931888872	0.8139982100769881	0.9552476273849596	0.7826992313861856	0.8553046415627008	0.8003916308671235	0.5590161860883235	0.7294162319347264	0.7428636726349588	0.7310876652002332	0.7515817782431834	0.875734382668138	0.8267980182677523	0.7496001745224008	0.8405189617782823	0.8419378809198722	0.4664520097196107	0.7236126341044898	0.8824213321506967	0.809646246412396	0.7839205386936668	0.7341513479143374	0.6843039769202468	0.5961592394143347	0.915294994285704	0.7422250463157887	0.6717536187708377	0.6642981468677513	0.7209430482417343	0.8596716214001185	1.0225696335405114	0.7778418856799604	0.7622103271573791	0.8039045941263445	0.8592404908359051	0.8886573687613015	0.7133841868937015	0.8401710873067378	0.6782486744046217	0.7547260835498573	0.7190221216142175	0.7905114370524885	0.6468256255716077	0.8168981918819255	0.7238085402309895	0.6848268634855741	0.8902346238717437	0.7694549756765351	0.8250761854648582	0.7888543067455299	0.8394207430005073	0.6497535641759629	0.8487242115825412	0.5836341010481116	0.8600776701986782	0.8188967327520237	0.8138749163508411	0.8187768987834466	0.9132762976288787	0.7959584945946939	0.6825512373715644	0.9049412267327298	0.7996678951442248	0.5921281666636474	0.7560777354180825	0.7759998491555453	0.7600621269524095	0.4766900000393387	0.8248561732351782	0.7706828362107272	0.7855977455735204	0.8471701143592597	0.7739963081777078	1.0106783512741324	0.7524013655245307	0.6802058352082971	0.7876753417193899	0.8389808325946337	0.8484288956046102	0.7200043973177664	0.6095619075059893	0.7402760295808319	0.6386431755512955	0.8543427699103959	0.8477173917293553	0.9959525377243764	0.8811943475186824	0.7705005190163853	0.8007226579666142	0.6890055320739749
0.9408051606625331	0.8786923619896174	0.3137953329712151	0.7640491423755884	0.8809185181796547	0.8080208938568826	0.745555285590887	0.7554711358785616	0.8225408013880244	0.7734900811225177	0.6802796820312734	0.8744164342910052	0.6206229992002247	0.8592081006169309	0.6505368036702277	0.8861910021334883	0.7948675370693208	0.9549406633019455	0.7200411867484454	0.8117436281174419	0.30986678444743126	0.9463852120339873	0.7195582557618627	0.19191286095082796	0.8268646965980524	0.628355967467278	0.7348347877234217	0.6515221225500102	0.44424057134389905	0.8660066538751122	0.7023343490630389	0.7751958620220418	0.770776163974405	0.7442368182122704	0.7955355393201107	0.6999865056365729	0.6765939142912627	0.8163230199247595	0.7712992944300172	0.9426730790287249	0.8460117937505246	0.6819669286817309	0.6267051704585548	0.8178735509634029	0.5897919928610328	0.7128171023398642	0.8473198664575804	0.6823386631041756	0.5140717903450129	0.8213911790966983	0.661595614447444	0.8175193679481745	0.8827085627853867	0.683325948280097	0.9245092505037787	0.9060035646170395	0.6151210688114163	0.9818236929148434	0.8524980887323617	0.7653608463153251	0.9769495019018642	0.780503383243085	0.6614391942828898	0.6170261507093905	0.7921562429517507	0.7581913137376304	0.6262351085692645	0.7281403274491434	0.9372826273828737	0.6528561457008126	0.6646555821925397	0.8465405410587784	0.7913837936863313	0.5480978635162115	0.6911690973103048	0.9560799158841373	0.8431707074582574	0.7893560012884443	0.6798254875093708	0.6831226382374764	0.7813782265961182	0.7029380458325147	0.6864403512984516	0.7920847405821076	0.846670733624697	0.7890645577549936	0.9146041512191304	0.6942403964102263	0.9420420712709424	0.8559780068874354	0.9069048944562665	0.8909427344679834	0.7345636996895066	0.6687953595221038	0.8004767010062933	0.732512149210274	0.8137660868436102	0.6534953803002843	0.747144692325592	0.07467354917898748
0.6536740927547212	0.7420884551107882	0.8525126799613237	0.712289373317361	0.7259336655542248	0.7958424409985548	0.7912167258620253	0.722308827900886	0.8919953753948211	0.6232765898406504	0.5577644735097883	0.8313074090629801	0.6718032579421999	0.5878183180511004	0.656192752042413	0.8237411864697937	0.6119326590001589	0.6576058247625828	0.8453236298620694	0.6641040436595672	0.7128864644527445	0.7943840785563	0.8995397818595164	0.6707522587865589	0.6434327381104232	0.6711350070655336	0.4708830645922575	0.31695189372003085	0.7843060687929388	0.7598530622959137	0.7100982984274623	0.5675704475283619	0.9857765194371357	0.6653563305929296	0.6434673440784209	0.6157355410397054	0.769640142378211	0.8261151932358742	0.6647695467486973	0.6950836988598103	0.7203184769093995	0.8315388592898851	0.8456200961872928	0.5088142804488544	0.8684534687399862	0.8791874695777889	0.6688123818725334	0.8149492987334727	0.851953096252679	0.7640546375066043	0.8980386537551881	0.7612063169807186	0.6609195588745175	0.5276543023228648	0.8058914894342428	0.4702721088141213	0.7085142880290741	0.9425978223562239	0.768957517778874	0.806741775208711	0.7659919806718829	0.7043350821577018	0.7490767576634889	0.7526569675147524	0.6568167248010631	0.6466376825511455	0.9411559145033356	-0.15125837426781719	0.7249368576526636	0.7344309961855421	0.7080691299527873	0.5190193883627654	0.6188030916899442	0.5715811136692767	0.6529547005176547	0.7000125679254539	0.8663241668239231	0.3750908020585774	0.7868890064597125	0.7412298097491281	0.7007592839568857	0.6473750817954536	0.7749378013908862	0.6725484617978335	0.5876392677336926	0.7567589995086198	0.6993744157731534	0.7305163759082565	0.5943607573956252	0.8013935920298093	0.776204635572433	-0.08500241322815429	0.8481833434522147	0.6487166162937877	0.8807879768431189	0.5775510627090935	0.8483427453726522	0.7983329332947738	0.8421055166140209	0.630638678067922
0.49430542328953675	0.5908949115633958	0.5095198719739905	0.7380222931534045	0.7118039319634434	0.7257024627864355	0.5459408373743285	0.38903894502222564	0.7473960372120145	0.4908882897377011	0.7544197766005998	0.5701702309757468	0.8315079875260599	0.5135520163416865	0.4702991541892292	0.6158373341798778	0.6371191802263259	0.7533851177304978	0.6699116266369814	0.47345918688476035	0.5673915670186277	0.6277434287965287	0.3751498151227826	0.4155039428025483	0.4481118981659415	0.40857636075615866	0.6978517192363743	0.749652810591459	0.7445338330805301	0.6730329605013126	0.7459424682408565	0.42132716729342856	0.8191599392235269	0.5885242133647196	0.5300894853174687	-0.6341013332575557	0.8232372962683436	0.7772044491767885	0.15838872101306944	0.6581314037561414	0.5250906568258994	0.5379961014986034	0.9400074146926407	0.6092767908245318	0.873729142186045	0.7386480082064871	0.003994199618697241	0.4647034267693763	0.7506873612835989	0.6745027230203153	0.5893582670032975	0.7324410772413017	0.7000917733490472	0.5217108737558125	-0.40672986927926613	0.811166815648973	0.4271656470239159	0.6336408397197726	0.8007895263812497	0.657843726342915	0.7381085744947188	0.3461734454661606	0.06780322512686239	0.5887505378484719	0.5224191781342029	0.7023398315191272	0.4265544895648959	0.6597796088755126	0.5644334825217725	0.5638197006523604	0.7970045474842187	0.5281657895937556	0.16522963666468796	0.6133818410754214	0.724116595625877	0.6625468057632448	0.7178774288296702	0.854464316567778	0.6918749829590314	0.7769477072387923	0.6925159185111518	0.4850245177477597	0.4798395405709743	0.6990046419747177	0.6533568357124925	0.5486185148537164	0.6125716146945954	0.7459629890263084	0.8526347418546669	0.6769010093033314	0.650625379140675	0.5322518176615245	0.6118987362623208	0.5370303065747029	0.6181606205433592	-0.9238237829864038	0.43295540892779805	0.678869046257436	0.769764943680167	0.7535382557451726
0.2596116886109111	0.4016348020851611	0.5115953667640688	0.00956909395158265	0.478014399820566	0.4120086972415448	0.29901032299697344	0.5490154926836497	0.288466585224867	0.4893997861981391	-0.1500300399154426	0.6827716699898249	0.5475130919486286	0.03452127953171731	0.2876050620257851	0.4533562580078834	0.19789866214394541	0.35058525620400904	0.5226230893492703	0.4217663671791552	0.4311918278843161	0.2962738181948657	0.32791569182276703	0.5959765038847917	0.26887145828604686	0.49341497545242313	0.6215142575681215	0.4384401049345724	0.40685108879804593	0.5152319505393493	0.3487220748364917	0.4286818585008385	0.608419053792953	0.5919322788476942	0.5102107080578803	0.4661376233637334	0.5225580096870658	0.7072305575631568	0.5702613886654382	0.6016186318874361	0.38944225189387727	0.3481064077883957	0.3777055746018885	0.3291570425778626	0.2173044862359759	0.6892684152871356	0.43228059143722103	0.4949030003577477	0.6655122571289533	0.014645161151885645	0.49378788307607224	0.6437388433724638	0.3721587089061734	0.003511700727045233	0.49714660740494726	0.542652666056156	0.5991484981849788	0.4823331441700462	0.5033040200456972	0.5082446889966729	0.33649983055591515	0.6781732654750352	0.39243530420661	0.3352307852447034	0.3292190069347621	0.44015881372094084	0.5044534201979632	0.44145081075727927	0.31640948323905466	0.20010212314128845	0.35913045045733477	0.38625270833671044	0.719608134886623	0.4474669740259643	0.5756090200066555	0.5574562545776373	0.11911298876106727	0.4370390539944172	0.22127381084561334	0.4054358396828171	0.318687072062492	0.5559690831780425	0.5152025161802776	0.3889493414223194	0.5449197863578801	0.38965835202336296	0.5049151783168313	0.2436234981238846	0.6985501552164559	0.5370662636458868	0.10861817153245167	0.39611523243188884	0.24478703448772382	0.4928001081980765	0.5403083180516959	0.6004594545066362	0.07449185479283306	0.4267006904423238	0.5877690985679617	0.4079969273775815
0.6597082884497945	0.6244316112577912	0.7671778654307126	0.732360915729404	0.7240878958314652	0.7844442999243739	0.40394457122981514	0.6183884485051043	0.851664557558298	0.5244428808115421	0.8754738335788235	0.8691212496042251	0.6684193018525826	0.7524804251968854	0.7462804045274847	0.6819878684759142	0.8312157249033438	0.7029483299881224	0.49104392984509465	0.665132499557734	0.9319050142884256	0.7793317630380387	0.7180164596885444	0.7150208980619907	0.7657128137379879	0.7972940214753163	0.8682801909148695	0.9278431908667086	0.7116858436048038	0.8121333357453348	0.8335973793297999	0.7036923636674881	0.7821001281723386	0.5761762647092346	0.7959372859895227	0.5900927722603078	0.7590264755010614	0.7472138736464082	0.9300874410033223	0.8779609907329099	0.8122727582156655	0.7592559808298944	0.6785292066127065	0.7269047232985485	0.8443943699777118	0.7715667837262161	0.8173429644644266	0.8305324444144965	0.606372900116443	0.8459249831378447	0.7199952676296232	0.8552741671085347	0.6874020340651281	0.8403822130322451	0.6956864135146138	0.7049040346324447	0.7341734348773951	0.8528636225759983	0.8134983348965644	0.8342757328271868	0.8998632224678983	0.7166960510820144	0.8672477780640121	0.6486948241442434	0.6022539748400444	0.7881611156553024	0.7946466560602174	0.7377721907854079	0.600289560995997	0.7042905838876962	0.8952301809608939	0.6493737823247907	0.8310032482810308	0.8466294052571051	0.4975627904474736	0.7775793712228543	0.6638227051526314	0.8355932169198991	0.7307426997989418	0.6993174412697561	0.7898638643831019	0.6030486206889154	0.6782948536515234	0.8658027670025823	0.7215708877921104	0.8807327875465161	0.826577642586827	0.720756166505814	0.8015338969826691	0.6671290699183939	0.8795458881944416	0.4843978687107566	0.8215260013580323	0.7100985724061735	0.822592676800489	0.8415139853507271	0.7476963530391456	0.8196715917468068	0.7778417156249297	0.947017836511136
0.824961633440851	0.7848646469682454	0.8149220142871124	0.9070756494164468	0.8670621646016827	0.7085677562355973	0.7675763871029032	0.6769991668194534	0.7758709918707614	0.8092638748973601	0.9113497517138728	0.8691429610788813	0.8714860040664669	0.849834282112122	0.8015477049410343	0.8756491086959841	0.7465082134038219	0.5795402326136831	0.8313270166784532	0.8861397659018623	0.8711806179672494	0.9201073626995092	0.7987994645714764	0.8017582149922836	0.7362746201515185	0.7527034199833871	0.8768749041885137	0.6545804833650581	0.8130852645851674	0.8448543121814733	0.8688712788641463	0.8841520073920498	0.8295736499398947	0.9013685391455881	0.8650256873667235	0.8638965929448602	0.8517033262729635	0.7217057109564535	0.6902786421939725	0.8552946938365698	0.7606620513468981	0.7076302033424381	0.8548169046863916	0.8613111304461952	0.843287801450492	0.8046636834770442	0.9034334108427159	0.7513931774765247	0.8273647582948214	0.7783422442078585	0.6726733471214761	0.7889571546286354	0.8395739176765077	0.6825083131134507	0.9384105828762047	0.7861314836323264	0.833577233853936	0.7339722959592941	0.45309230708479864	0.5836814019143586	0.7847645310282699	1.0101941372424375	0.6641550655812022	0.7491852334737779	0.8329190208941707	0.7893197727531196	0.7947540144592535	0.7048230986714369	0.5681077493339782	0.8357316165149209	0.8617726547524341	0.605923854011298	0.9611638053119191	0.9396702145159243	0.90512538165152	0.90899315906167	0.7338748023658999	0.8262550612628454	0.9092241476237763	0.8121814373731608	0.8001481141045685	0.9120886074990029	0.9327406170010554	0.6131999934285884	0.7002565508544449	0.9072502248883246	0.6393869374454022	0.7570255326479675	0.6957923697978268	0.7935565225243575	0.867163616567851	0.858750196436048	0.8338934744805097	0.8988057097136983	0.7513323503673055	0.8746147093802689	0.9971119108378886	1.028663774353267	0.8474104335308077	0.8534362574249502
0.7760737922668459	0.6868661417037246	0.8600325884073983	0.7082429524749517	0.8839353901088238	0.13718166094124332	0.4548135292530058	0.5322365501314412	0.8773172120630736	0.7872235105872153	0.6133736856102945	0.7788810027182103	0.5104599493324755	0.6781237618088722	0.5808376210749139	0.7688170098841185	0.7147142608851195	0.49192752529978756	0.801744107627868	0.6350175154060136	0.8261838945388812	0.6181881018340588	0.7348484027117488	0.49184280311763345	0.8055850070476531	0.49611343433260874	0.7370540828943256	0.6997527751356358	0.45127647899091256	0.7068009419322018	0.9639268335565929	0.790809705536068	0.7869600784719003	0.6080269132465118	-0.08268570665121085	0.19903322619795769	0.795935336896778	0.656115942305326	0.8669190286219118	0.5973092078953979	0.6760689844101668	0.7750114495635029	0.711195636466145	0.6324110760182139	0.6107293187797062	0.5129238843161614	0.732112337335944	0.346707808330655	0.8831480623960487	0.7400794758766881	0.70451540300548	0.8363995733678344	0.678518119496107	0.5299483351975672	0.7941780156791223	0.8011288669049749	0.8520319947928178	0.8173109472334388	0.8273843383252609	0.81751450253129	0.44915381681323097	0.8308834714621298	0.8226512764215461	0.6790979321837429	0.8938938059687609	0.6966818819284437	0.8645479671657099	0.6250481817513702	0.74148717995882	0.7150800522565834	0.3675682143270963	0.6479131373226641	0.7927339166522028	0.6799141523599611	0.7945292151421305	0.8055539389014231	0.8765211578607558	0.6204974344670781	0.7756601829838008	0.7842721583843243	0.6359275120377545	0.7399418576538556	0.6675353406995541	0.7767739334613084	0.8202777265429491	0.7419982760220762	0.6965387448668479	0.6655507713913917	0.6658337784558533	0.7847944351792334	0.2478919739544397	0.8583718510448933	0.7956095973938696	0.7997846991747618	0.7529763340473173	0.7513908144176016	0.6865167514741423	0.6938133402973418	0.7787376685738573	0.8148605142205948
0.7242045291960243	0.9558024452626692	0.9913681115657083	0.7828826411753892	0.7352198234200487	0.6357471719175583	0.8607242981582885	0.6319125150322916	0.8716620578169826	0.9737561419591296	0.9755310810953378	0.9105167144179342	0.689328221452237	0.8809607033312318	0.8552798537254332	0.8826906340301036	0.7890418465226886	0.9138812308907517	0.7702329681575307	0.8630384178161628	0.725589348110557	0.8363953757196656	0.7286302834481009	0.9435204708933836	0.9394912690520294	1.038440523937345	0.9894309745192524	0.7665585945010183	0.7207573870062828	0.8576431449770938	0.9668795185655354	0.891616419896483	0.933688731706142	0.9567521635949617	0.778053077206016	0.9253710493832829	0.8764710865020757	0.9403976791381828	0.8106267452418806	0.8095042469084273	0.7490064996838572	0.8673280493319023	0.738787900584936	0.9823835718080399	0.8441780921220782	0.9197822746217243	0.8432368612796068	0.8958010179460056	0.722938224217296	0.8946714596569526	0.8552447907030598	0.8586451010167606	0.8586757485210892	0.8837562564760444	0.8742391046971077	0.7449181677028532	0.7866894041001786	1.0062705364346511	0.9500097286403186	0.7914935835301873	0.6775633746057745	0.8044145466804516	0.8904020772695547	0.7776284650929269	0.8944042300164702	0.7760611979901801	0.8305618139386173	0.7989696804016818	0.9427120933473102	0.9451542259275915	0.8840579399287699	0.7965794608801605	0.9323436346769324	0.8266988803774115	0.9593661065876506	0.6303311832308768	0.8658959483474494	0.793620615848899	0.7295588257849216	0.8737163771867754	0.8591137043476105	0.8474997324228286	0.9282251819293946	0.8693967154890316	0.9459863493293518	0.9576815274059767	0.7336830778718008	0.7235256468817587	0.6526629551619296	0.8535934503495688	0.9043392053604122	0.5632261589467525	0.7049497410774235	0.9063138400614249	0.845113653570414	0.8483641584396369	0.801962439662218	1.0254412664815789	0.567586059144139	0.8961827389508483
0.32602092047035663	0.4035966793566944	0.3751706517338749	0.3650496389895674	0.45930084705799873	0.2711971061140296	0.5880769403621557	0.3527830841809514	0.5664278003692622	0.23260744296908403	0.3757779677629468	0.4649635847419499	0.30905026836991306	0.48832806609571017	0.1956658735990524	0.38286275298297345	0.4914642205059531	0.38742946674525736	0.48406854342892836	0.4733173855960365	0.5998092583447692	0.35755482483506196	0.15826458729505583	0.4211385787904264	0.22050641020834424	0.46714400717765103	0.20897028416842214	0.5094371968865394	0.5961266412854196	0.21009069711864004	0.4845762490153308	0.39948903388977014	0.10567087607085696	-0.03556787977069609	0.49679117937684075	0.41991024565100643	0.15811761442124833	0.4944295512706042	0.6929396143168212	0.641132610086352	0.5545817700624469	0.366753971293569	-0.03696776805557329	0.5322121239781376	0.3189358170554039	0.18218772605955583	0.5816905060678728	0.29395438060760515	0.4988291636824602	0.3716931090041997	0.42762713723480705	0.26259224188029756	0.5740706699311735	0.3574758095502849	-0.08479725810140382	0.09411803444623941	0.3519374118238691	0.5137156854987147	0.5637996351283037	0.4531789272397761	0.43138793389797253	0.5250939190071072	0.4907809977173811	0.42075885792374573	0.21280865684598652	0.5818687775164837	0.5325124269366259	0.5724077151775361	0.602952039831876	0.5353643367558725	0.48295891344547215	0.6229567419946185	0.610775554153323	0.22571133832931484	0.6171083551883696	0.4854399597197769	-0.1570956568509344	0.2970659530699251	0.4020508418917656	0.4757581253707405	0.46319629813432683	0.6940383319258684	0.5455324851065865	0.3664886612117291	0.6878529573932286	0.7528861270800229	0.024348762789368424	0.2772667917698619	0.20651558626592176	0.2750886265873907	0.5870092343151561	0.5257937621265648	0.5716532289922241	0.48415317391455137	0.5887551785528665	0.3085944210171695	0.712666391772032	0.4893834515810016	0.48748064852627	0.6174331362128253
0.08115861649811223	0.80072138673663	0.616711460031569	0.6800086281180394	0.6473739420741801	0.44492236828804016	0.4550069700792429	0.547897554020584	-0.20196603617966147	0.05887572365701219	0.5073410448700181	0.5163685628905893	0.3948826872229574	0.4933426803827283	0.5120494202911854	0.5705027333557612	0.606797795411944	0.11785632286220774	0.33369949464499915	0.7014438059955838	0.4753604289442298	0.6697944727569815	0.5270362543016669	0.6322586840599764	0.4706579984277483	0.23963441596031188	0.6805982736483209	0.6260357226997609	0.28276012214571167	0.44047752325683837	0.48193465850651224	-0.01715946700572968	0.587426498943567	0.6020588250681758	0.6296819140940897	0.6687292701661581	0.43186917016506193	0.6484669263511887	0.30108774950504275	0.5390092682018877	0.6146199404060846	0.7113059984266754	0.7095018362000578	0.7270081803232438	0.529253008979559	0.17724798286259183	0.6611935692310328	0.4976566245913506	0.251486947706342	0.44944110511541324	0.47865268113464104	0.5421873007237914	0.16594152285754654	0.4584910907685754	0.5202032861471182	0.5698272578716279	0.7800933486044404	-0.2350928614974023	0.6115190884500745	0.5219379107058042	0.5149823834076521	0.4804205876111981	0.6311718439877024	0.7650235004216437	0.6316937726497652	0.46691802546381955	0.3421662015736105	0.6641564153432848	0.7925964665710921	0.6673621114596732	0.6212736349105832	0.3955886032164093	0.5897850265234713	0.42315557023286815	0.8049637962311507	0.5875790561944244	0.5712713155716661	0.396580372077226	0.7287122594118118	0.32741391368210343	0.2879965561851852	0.314074051964283	0.47903690250515907	0.4909552121967076	0.6028274384617803	0.486723094058036	0.43355473467111605	0.5588866234198205	0.8363405277892952	0.36831205300390685	0.5546065867021678	0.4220501208603378	0.61610957569778	0.5937349259316922	0.722356478148699	0.5958378597825764	0.27022592751383756	0.5438169234126808	0.5245492405835538	0.5631793445378538
0.6094012063205242	0.390633276486397	0.7872821641832596	0.5653614435940997	0.5890521448392422	0.6451993678927419	0.6191953796297309	0.7500524151772262	0.735876672381163	0.6274183021247391	0.6261200545519578	0.7302354019850487	0.7810532474696642	0.7904758501529688	0.7074597274541853	0.7012321108251819	0.6388268262386315	0.6011876215696345	0.7173292517214994	0.7160830051928768	0.7551269757896661	1.0659903440922487	0.655804168865084	0.7497225613057614	0.6752395364403725	0.07457531514465789	0.6830503250807519	0.6107948260337114	0.699663855299354	0.8150923396497975	0.5917059342414143	0.5751373747140173	0.5084439844548708	0.6806201960891494	0.6439194964706894	0.6641305191695697	0.611940334591269	0.6524838556855914	0.5550627851486212	0.614281293016672	0.7648959562841796	-0.0640917155265807	0.6980105193287133	0.5426277474701402	0.280415494634211	0.7039038691729311	0.8117494665890931	0.46249204100221397	0.6185892293095584	0.6775389884352686	0.6768627227723603	0.76278155296147	0.34997250025272353	0.9308627331733709	0.6313633135706188	0.21185085151493546	0.678260339343548	0.5675754798233509	0.6511250767707821	0.7294375424206253	0.5407741271257402	0.7495009620234366	0.7135913892298937	0.6445737193763241	0.6724235839843744	0.6048727383911607	0.8826017016857859	0.07586520737707618	0.6635830603033303	0.6565852398574358	0.690018275634851	0.7425086026400337	0.7174630127549181	0.434760694992542	0.6951854443155223	0.6321152261465786	0.6871609787955872	0.7842613624125717	0.7616950570315109	0.39131421747505674	0.5683172123461964	0.8021643526732929	0.6914006400197744	0.7691650848686695	0.6035696402668961	0.7739564918950206	0.6740488552734251	0.7883292241901156	0.6842036445915701	0.1954512378692624	0.7023325942486518	0.7558247138351194	0.6410450698837641	0.6714160745322698	0.7968427493154998	0.777554602205754	0.633404364199936	0.8286294828921557	0.8675851397961382	0.4805878453820943
0.46387014583051206	0.35886191890686725	0.5522891445130114	0.3662193378061057	0.667436896046996	0.5624683166146275	0.7867824730038647	0.42987289591431654	0.7658174023985862	0.5196275823473933	0.632971553614736	0.5879638417810211	0.6705514455139634	0.5984960356324915	-0.3272103869915018	0.6159422833502285	0.6172781103998418	0.6903789319485427	0.6133654332414266	0.4720823995977647	0.5741341241955755	0.7113350042641161	0.7037308072805416	0.7076732282370332	0.47256716932058285	0.627299392288923	0.8914672815844406	0.6508086957216261	0.484569313487412	0.3871221448689705	0.5468887591898438	0.7059083508849144	0.5852541498720654	0.7017402275890116	0.6057411540865896	0.4721615729480979	0.3817662114620204	0.6478358061611649	0.7480906980410219	0.5732787755489345	0.6098414992153649	0.4535503360629084	0.8252434179723254	0.5670507667005062	0.5979233904235062	0.5424951577156779	0.6150850043892856	0.5630987628921854	0.2593503052726385	0.7075628776818509	0.7021671690702435	0.8002681008636957	0.5192911622166627	0.4051757198154922	0.7759353718876831	0.7119443229794499	0.5227303365439174	0.5765888147294526	0.6781472084939463	0.6793742424070836	0.6333748194158068	-0.26260561896562534	0.6311762596577392	0.7464909604966637	0.686972040480375	0.795644140392541	0.7469876319199805	0.7405270760953427	0.6026028111696229	0.5326879472434518	0.6941638141363855	0.7126265027046211	0.5404003666430706	0.520649182599783	0.4101173376917838	0.5807347785025829	0.5532546266853813	0.6923256022006256	0.7520958253383642	0.6770946436852221	0.6328347841024394	0.46274867072403375	0.6157523824155323	0.8321075279653077	0.27118651150763057	0.5705027433454992	0.7343494830846776	0.6978860803484913	0.590484734776616	0.6103054573655122	0.7112117906808858	0.6098796832889318	0.41876605667769906	0.43137592059671936	0.7597778501570224	0.6618765791267162	0.5910429528564222	0.4392875737264749	0.7001789020359521	0.61869294937998
0.578788631761074	0.4236597513109444	0.5044504998922348	0.38866835147440437	-0.43630445498526044	0.49901807551085964	0.5664859631121162	0.5961668486565348	0.402735422185063	0.1518003262311219	0.6405222201794383	0.6924494226485493	0.5849871968954804	0.6394978875517845	0.46630301351845244	0.5724794949293128	0.354664940184355	-0.03056680316030994	-0.03127373472899157	0.62744940045178	0.5565539621889599	0.6549272799193854	0.49526889383494843	0.5883306887328624	0.5671112404108045	0.6659467068672184	0.3181987233579158	0.5393168039470917	0.5427161959201099	0.30823878718763587	0.5893394715473055	0.2569180289655923	0.5752137141332032	0.26088157008588286	0.42196146188378336	0.6673854672968389	0.5416683204114437	0.7403054184988149	0.41451140293776906	0.6422563351213936	0.4780231575489047	0.6774948103785516	0.6636740593165167	0.4124511718362568	0.628112588071823	0.49544741887524807	0.5023520508542654	0.44771730104088747	0.5652276162266727	0.4722967697709796	0.5580789415359495	0.496203842526674	0.5771994776636363	0.6128053419589995	0.4997145445734265	0.47715823798179635	0.46466154869198784	0.5116136075764894	0.5123116844117642	0.5328001484990124	0.47819063653647886	0.6164279832541949	0.3964402724266052	0.4043370743215079	0.5528733561694622	0.6834440665364262	0.5010021190077069	0.6002183854728937	0.37609770377874374	0.28865122005641414	0.6202068913042539	0.529734244776517	0.4206001502193506	0.4760658637464055	0.4602087907224893	0.5832603384703401	0.4420162303268904	0.5274056630164382	0.6589359164595612	0.4839756356745957	0.5953444251388312	0.5447936005294328	0.40034083808660426	0.43809552262425416	0.46645802703499784	0.5462083074718712	0.5333593688011169	0.4951646252751347	0.46900192422270753	0.6662951737523086	0.5258098376154896	0.4486117718681686	0.366266241744161	0.2674133591115477	0.5931822408050305	0.7304338563710454	0.5079561255276203	0.5655760152369739	0.4016066564381117	0.44227355509400323
0.28339913582503773	0.5704995243847361	0.431219101515412	0.3869853250361975	-0.13577819673120992	0.5619154825121162	0.2701963854998348	0.5078857407122854	0.6211567081168299	0.47920778870582587	0.43155687687992994	0.2860832341834904	0.4696218723952768	0.3834028078258028	0.4346595653921365	0.35395668331086577	0.37419175737202137	0.08578693111091824	0.4732727919191124	0.2261221642613409	0.13191211894452573	0.19892616362273702	0.36569668793678295	0.5110766645550724	0.3297427361458537	0.464218298399448	0.11537247928380946	0.3979205049633977	0.29390312263965584	0.38837083609700246	0.369580247542262	0.3590770180851226	0.17331637338697936	0.11782074143886549	0.5263605658650393	0.725695094975829	0.3346781658023592	0.47187276627123415	0.3585663235604764	0.4697013241603971	0.4395109792023898	0.4193739168077706	0.42906185873746944	-1.222801215457919	0.33698540506958935	0.031773106655478896	0.47164402214884693	0.3794444657921789	0.28361988907754365	0.6008793510288002	0.3449506746426228	0.6635634966552256	0.5786487139910457	0.5677424580842257	0.5761202368527648	0.31487838029116383	0.37598655264079583	0.5459549378670762	0.6578882788926373	0.10153796228170366	0.5644295998394487	0.5103788149565447	0.4269884641356763	0.003388774734735402	0.48181045559644786	0.35856782399416026	0.35205436168909043	0.3189012935370199	0.3186810133159157	0.6120604653775689	0.542643301805854	0.40309472440183186	0.4053074373245244	0.4867643868952991	0.08425620206594431	0.5428331583395594	0.5656616734400394	0.4924402719795696	0.5476444623768327	-0.5573847220182426	0.4065293449729682	0.2998192731022835	0.5188659487709398	0.5259213731586935	0.2746938185423618	0.2746498904377219	0.3172858915686607	-0.13127879843413862	0.4751119010806079	0.5371146888464686	0.1459431442916397	0.5427255770727989	0.5569913202077154	0.38288688260316844	0.5763861224934453	0.5540278603270643	0.4544269423186776	0.369998918995261	0.30130917186140993	0.4672642708823083
0.5519258404195313	0.6852825662136075	0.5995384915739299	0.6564741263300184	0.6952984115324913	0.5789812815219163	0.24236868102848536	0.7920855194211011	0.7962036760747434	0.6530664078086612	0.5684776115849618	0.6981509479284289	0.4951090787410732	0.6475406909406183	0.3962334032639853	0.5516493001222618	0.6080421350210902	0.6959606796681881	0.6224628269910816	0.6972795199722048	0.6652135644420967	0.4160927919626238	0.5138276802361011	0.5358082245469091	0.5179056164637202	0.5169646753132351	0.5891552181005474	0.47931412956416586	0.7658367401152851	0.6233659928977481	0.7754271087676291	0.8425354174047712	0.7887310464054349	0.5723340566039085	0.5617541977435352	0.6585074304163461	0.5234422307372092	0.48679723582565726	0.6842544597059487	0.474899817758799	0.7467455693244932	0.6158996595900501	0.6259791646376249	0.5066848959833388	0.7760245874941344	0.5735555558443071	0.4993513940453533	0.5845612795710559	0.6027080580323934	0.6761472765505313	0.5794235593929886	0.7649295724675054	0.5251758305191992	0.6257446085453034	0.7372811532706025	0.6607801639080039	0.7302861225485803	0.5863091768771412	0.676455129370095	0.39597566848397336	0.7558956075966354	0.6566788252413269	0.5574271098732948	0.77825836674571	0.6906143351972107	0.677097173163295	0.7350061666250226	0.6929437388256199	0.7399480229839688	0.5794394889503719	0.7142600029706968	0.5415424664855004	0.6114210924774397	0.700966676783563	0.6133376145333046	0.6934497229546305	0.6722305460870264	0.5280630361169566	0.8005424697637555	-0.9808170951604845	0.5356023106396206	0.671176533573866	0.6152563448011875	0.5648783463507894	0.5741348091781145	0.7112431743681432	0.6603312804315244	0.5601624009639022	0.7293335049897434	0.6241659842133512	0.6975304337382312	0.7112960427403452	0.6921344084709877	0.5676037360351536	0.6218585531190037	0.657557624095678	0.4898689098536961	0.41483884243369107	0.5057752994388336	0.466251585954428
0.5715836462557319	0.3613211364567274	0.556050896316766	0.8153702511996037	0.5335218268662689	0.541198442032932	-0.201745591294766	0.7186129114985469	0.4715494114369148	0.6492462755501267	0.6441975436508663	0.5523441959679126	0.5822803036227816	0.4516317709449676	0.4998790339440108	0.4544987696170799	0.687771845170856	0.6731225416593247	0.648166575327516	0.6976414330214258	0.5999916034907105	0.7364561631977561	0.513706743144989	0.45620620613992185	0.5624487201035026	0.6173096217215058	0.49462551246881487	0.5973629955232147	0.5128799564659594	0.7663539535492658	0.66846049426496	0.5651320650577545	-0.11102072035968336	0.4079622253447771	0.7135131472736587	0.5493224492013449	0.3875049124836924	0.6564793345749382	0.720809192535281	0.4502087646365166	0.609880738964677	0.7439688414841893	-0.02436255283802741	0.6490227658182378	0.5731151213288306	0.5821983521461489	0.698230214297771	0.6679608111500742	0.24486488130688688	0.6965363976165649	0.7223833070337765	0.6985652408719064	0.5083530970603228	0.7157647764861577	0.470226468014717	0.7681892200708377	0.6278702278524637	-0.08515110738277422	0.5968870472192758	0.5060552054524419	0.5326055286780002	0.5862359300613398	0.42543586942553496	0.6559729404434558	0.48770784370899184	0.4119878323137755	0.6983838474214079	0.5765855583071705	0.7135960781127212	0.7241854666292679	0.6160605145812031	0.7519065519802272	0.627348742729425	0.16353050081878873	0.7273300461113451	0.7443999501675375	0.7398713179379706	0.6689595892645421	0.587058480834961	0.6147898913502694	0.2828570660233494	0.6244586478799579	0.7481513866424563	0.4832822857052087	0.6698060258477938	0.578137020444869	0.7636495354175568	0.8050070969283579	0.5127357083380226	0.259656072494387	0.7614476779133078	0.6332915426015853	0.6299058028995989	0.34378655073940767	0.3805994833290572	0.6222870489031082	0.7321807299911987	0.7806971862353382	0.7469301165580757	0.6065076487392188
0.8418506028369065	0.8646763961553577	0.8366745976984491	0.873818729123474	0.8788805401667948	0.7295745152622453	0.7770442574352027	0.6753927860081194	0.6061509571075435	0.8009448176711799	0.5446773515939707	0.6647320894032734	0.7912270233064891	0.7208172402769312	0.46591596900820775	0.8843283121734846	0.6965977724790574	0.7213780916690822	0.8139839351490131	0.7507459370836616	0.718145097263157	0.5778532291501755	0.7272554136008029	0.7404145403027534	0.6763348105296492	0.7438719439223411	0.7884287911623709	0.744993645778299	0.8368746993035083	0.7526801627457134	0.896051980394127	0.7601751060247423	0.8962198861420145	0.6605012440383436	0.9366914148926743	0.8157585126042355	0.6147115502655506	0.5563638557016846	0.7023217665817595	0.7030288997650145	0.6698360172927376	0.7312887885600328	0.8971295698314905	0.6841914597779511	0.8304995430827143	0.6855907513439656	0.6213015060305587	0.8851954652860755	0.6482431818932303	0.6313138534307486	0.8240280614137643	0.7933805894553662	0.503277828586101	0.770352636033295	0.6050240957915782	0.72361841622442	0.7859583580106496	0.8445900761485103	0.7916134934514756	0.7856244729101654	0.732018644687532	0.6189161542490119	0.6964960252016777	0.6035458092927946	0.8040644595265389	0.9796030759647502	0.6621060877308247	0.7220675873443487	0.7922612891703847	0.7369950644820927	0.6391938744127734	0.7675856094822296	0.8389773220449681	0.7441824790328737	0.48828645023703565	0.6231047899067403	0.8062213904291381	0.7432331053048365	0.6695677955985078	0.7048627719700332	0.6763589716933667	0.7745498690873377	0.607332611286641	0.7834455235183242	0.7270564707309004	0.8162432079315181	0.6750529132634399	0.7561413052603592	0.545070389252901	0.7393904380202282	0.8466516462743292	0.7596605849027628	0.789019444403052	0.9007994129300108	0.7463001691102973	0.6891688356637957	0.8076602647036317	0.7510730424851175	0.7174340572565796	0.7300456090003253
0.3570836848229171	0.8408384895026669	0.8642468855828036	0.8057032634109259	0.8990872346401229	0.7550660132825365	0.8704029930621384	0.812430028703808	0.7993604434013368	0.912091370671987	0.9087252462148653	0.7539473422229295	0.573596931004525	0.7266560297816987	0.9253408484041691	0.8526763373345141	0.9009952295959007	0.7824565353274352	0.8356606010198588	0.8066837682724005	0.7801377215623861	0.6066476032569995	0.7943496991068119	0.6527678640559319	0.9269837816864255	0.7443991758227342	0.7333119546532634	0.7712095238715408	0.9389640049636372	0.8056150073856113	0.5562666404813523	0.8524115139037363	0.8464275560408842	0.7454185347795499	0.6900280146196478	0.723795346322842	0.7276190938591957	0.8764979952245946	0.7182937248021359	0.7837239616125818	0.6066407742500306	0.6586390445336701	0.7954648971378804	0.7364640936687584	0.7983438334643835	0.8178941085845237	0.7372155601263046	0.8453578344136481	0.8435432503551243	0.5073157070592043	0.8361992666244498	0.8363273751497273	0.787120216277242	0.8737775044620042	0.7356260717004536	0.9312283828377723	0.7917560912013047	0.7853732201516626	0.6547497474908831	0.6582276168733828	0.7531116399705413	0.6996539505362502	0.7208493406474599	0.7698513817727551	0.7715530008330942	0.6644610626533628	0.6340227659344676	0.700015392157434	0.9159672731190921	0.8094876481354244	0.7576145588517194	0.8346675098717214	0.8504473033979536	0.8206435344487438	0.9952535521447657	0.90785243831724	0.7496635806918157	0.7987057236015798	0.862680705460906	0.6072788630843167	0.8159905919238906	0.8091258517891161	0.7062263662487274	0.723921520611645	0.7101957370802754	0.938049304571747	0.7653165535815064	0.4819514770179985	0.6991217857390645	0.7177254218056794	0.8487229092210538	0.8062106773883102	0.861043765509129	0.7107942138910298	0.25831394183933715	0.6696956000372762	0.9038240800365808	0.8097416546940795	0.7061503175824883	0.737164660397172
0.5321181456029408	0.4956084632784129	0.6058480386152867	0.20249109560251263	0.6291916437327859	0.6121922674775122	0.6702422841936354	0.7058425848901283	0.7577264594227073	-0.8521120085582145	0.5750671533763416	0.8948090476199975	0.445437703901529	0.521354271358251	0.8271136516988284	0.7877532164841895	0.4994371798619628	0.5933853635996582	0.6787194026559593	0.7480840823382147	0.5534347650319336	0.7834970246851443	0.3784061404317621	0.26828314257860125	0.5608798249214892	0.4610752630352971	0.7194650423437358	0.25126479625999926	0.34631808529198177	0.25643410828597923	0.7870958365619183	0.6204929597049954	-0.4718514976590864	0.6699205312073242	0.7244541428744785	0.7310854803293936	0.7753846872642646	0.7551500192850835	0.5359023463614278	0.7015732886105784	0.218503328591585	0.365131242603063	0.5765547933310271	0.7421632464379071	0.48173182976543905	0.6590731779143212	0.5157634839467703	0.6027314467072492	0.7962038554832346	0.5541342642284939	0.8036056997388582	0.35039940300881833	0.7558673063218595	0.5720311481535425	0.6312512427181004	0.46158431300818886	0.8828303293198354	0.6438427443623538	0.8680558584824202	0.7653871266812087	0.6110925650954242	0.6472013397723423	0.6407690308392044	0.7297566456302995	0.6087846232533451	0.6477079298481346	0.4470763595134015	0.7094296269685023	0.04010806822925785	0.5348935326933866	0.1318975233465433	0.607080509752035	0.5019558225423094	0.5984421190023419	0.5845822142571212	0.2577704771995547	0.6792614979386328	0.46698245092630314	0.6088743225902321	0.4671092665761709	0.8525388175964356	0.7948119495034223	0.43239640799462786	0.7342640432536595	0.7746714809387923	0.42304975681900947	0.4687158859103924	0.6219009712666265	-0.19939183042645423	0.4517173460334539	0.6484740778088571	0.6358742442816485	0.6423712849617009	0.48707090660035574	0.6356908779859541	0.5376592184990645	0.5769800898000601	0.6961183455318216	0.6263784288793793	-0.5926129442125562
0.2564493585288523	0.5625911698184903	0.5419664090454583	0.44091589551865973	0.6572726251244536	0.5583526143968106	0.4890611492440112	0.5795211141973737	0.7154161126256001	0.5102746807232493	0.5495958179458976	0.5464030299916862	0.5662166630297891	0.44239125719666433	0.5756254764199259	0.5947504345417023	0.5686055891126385	0.5603025968447339	0.5882565954595805	0.5161149996072051	0.7472040211871258	0.7507679489761596	0.48951640168428406	0.5516805649727583	0.6172873077690598	0.6105859095126388	0.672422462663054	0.5961632288992407	0.5765211933150888	0.5345668501585726	0.46551079554259817	0.14615970966517916	0.498968344485759	0.5602545505493871	0.46742148143351087	0.39658996320515866	0.5070452591747052	0.5168809110492462	0.3923905783593656	0.3380170931905506	0.5534613860756158	0.6164799501866112	0.6669424918793143	0.37293931193947877	0.6236600756324829	0.5553397974848748	0.7357186923116434	0.5366546712636937	0.6033155405342583	0.45624283359944784	0.43985544912219077	0.7115520399972792	0.4742209420770404	0.3971801495209334	0.6732766908109192	0.463072408631444	0.2991589730441573	0.5548923856735226	0.6297286843165751	0.4895426762312653	0.5863862579822543	0.3990969101667402	0.5268569854825736	0.5751441883131864	0.3185108239769931	0.5315774579823016	0.44961530667115	0.31815255471318965	0.5716701017275464	0.6690947711080323	0.5212832049220804	0.4903392371490593	0.3558838369458916	0.4299871634274726	0.6747478028357013	0.28768226175457234	0.5768298004284514	0.6722642708897579	0.5935969860091804	0.5225163284480562	0.5735422960355887	0.5691270359009496	0.6103324087530382	0.6815371530592446	0.7214782153189179	0.5776847776889805	0.76488024367988	0.4611577085331083	0.424749538131058	0.4357331958070398	0.5165599990814926	0.4693579094827174	0.4993765815347435	0.6185936207175262	0.4928173832103613	0.49405472764074815	0.358847594510019	0.5418612871155154	0.5193526926025748	0.2025530582010745
0.5391078846573827	0.5084014689505102	0.5948031900137654	0.48242246681600737	0.4775696028549221	0.47331945924162905	0.6416085084825738	0.5980823421947657	0.5525417857974771	0.5797325173616404	0.5778052393257612	0.17616794767975796	0.2719447279572483	0.5876259155452254	0.7053416689708832	0.6145956761091931	0.5721668447077269	0.5975458029329768	0.47530042999684785	0.6111182140588765	0.6502859762817625	0.42139546439200704	0.5382645172208546	0.48375074103176574	0.5716417108654982	0.4460532818138598	0.4143920537799595	0.5342617056667811	0.5463690346479414	0.40083399488031823	0.4554818936079737	0.3415094490975144	0.42226071714013835	0.14418350460231258	0.5641814717173574	0.5565058526188129	0.6305471045196054	0.15115970828384154	0.6763125736147176	0.5043929405570033	0.4895771732658147	0.5887495359718792	0.4274156522333618	0.33799772472232564	0.40654390159100245	0.6362132565475992	0.5989770744621752	0.6394353040099139	0.6949163288265477	0.6997573800116786	0.6636025190204387	0.6966039662241927	0.6417108850866554	0.3512482248783107	0.7136474728167067	0.5366705141782763	0.6315905802577743	0.6496372896283875	0.6468054079785944	0.5048516618609425	0.5839436490759256	0.5449489053428176	0.49710914263129186	0.5019353152304887	0.668467489665747	0.5696067937809973	0.36997543815374384	0.33268328957557697	0.6882329998373977	0.35796101950406994	0.5034202141463751	0.7122694620311262	0.41441828427314764	0.1292754909440874	0.592823765279353	0.4178179315239192	0.3288496797472239	0.568346691900119	0.11170751914381963	0.6326091213673352	0.32196687282621844	0.554354185289144	0.6363772423610097	0.4824020133435728	0.573688931557536	0.4288780392616986	0.37520600556880296	0.7766337478116145	0.40315329479277073	0.5277765758872032	0.6123102615438398	0.4593860046803954	0.5572298526495694	0.42704481080919504	0.4229205895096061	0.47181812743842566	0.6094044608503577	0.8534301557347174	0.5442352990031241	0.676212851393223
0.8941256459444759	0.7006458477616311	0.9248248688489209	0.9621903052568439	0.8523942602425807	0.9509674223244184	0.8719344409257173	0.7430028690665954	0.8809649463117118	0.7773672056227918	0.8345205503642558	0.699195342206955	0.8223307916462421	0.8477463310956959	0.7182639749854796	0.8006253161072737	0.5055164909273386	0.8967830218255529	0.6627117109566929	0.9421727753102782	0.6783075794309383	0.6990154983878148	0.8463512207031257	0.8093605265438548	0.6693427453741428	0.8190871049433935	0.8868911832511424	0.13701951109170946	0.8973562307089565	0.6896072673976422	0.9891921627491718	0.820298077133299	0.7161587099671349	0.9658335641324525	0.8762965865880246	0.6682657466128472	0.844024540677666	0.763902208092808	0.5162774821996692	0.4710869305402042	0.7938525958746676	0.9051409920617943	0.8335105802148575	0.7851389419227832	0.9169043285369877	0.5751141585588454	0.7123670150190604	0.7998330921530715	0.7781795816361896	0.8512408288061617	0.8434837382018558	0.8531699656009668	0.7274334515720605	0.6291143904775368	0.7822388344377277	0.5962781312584883	0.7966313680917012	0.9185798948645588	0.7485155837871139	0.939895849728585	0.5232411149233576	0.8244848984926929	0.679834116095304	0.8155872339725498	0.6481453054457907	0.9337072180092337	0.7264393419772388	0.7399226874262089	0.84985420473516	0.7179382860690343	0.6416966434359551	0.7512151637494563	0.6504427611053001	0.9127012642487878	0.9007205637902009	0.7424792276144031	0.8832655536383395	0.8713025068908937	0.7284306285351508	0.9093875031113627	0.7995053051337605	0.670730440801382	0.5169910114020104	0.8490175495684139	0.7746488236516705	0.9653760015159851	0.7443030907273297	0.9090890008360143	0.8602800379902129	0.7377718373954293	0.8336769025832422	0.49763378358781307	0.8240889148026709	0.7419679277628656	0.9664887129545228	0.5778130119472744	0.7051307528197756	0.7663306731969117	0.8027259910553685	0.5393534554779525
