-0.469945436531305	-0.4905676320478319	-0.46488440600335623	-0.43721864832965635	-0.45402739370465306	-0.4406186380997296	-0.4684213585272427	-0.4541866083815695	-0.46708615138977716	-0.5569776261612779	-0.43418205345571004	-0.5678174237996347	-0.4660284649886186	-0.6001723741501568	-0.438948748316616	-0.4533102146819231	-0.48515018380284297	-0.46448375346958615	-0.45531749500706764	-0.4647228363484144	-0.4144213974578307	-0.4667909555666149	-0.4613629428483545	-0.47473540342152076	-0.452029052164405	-0.47272947738468685	-0.47584565584808686	-0.5066473656453188	-0.4547773084081705	-0.4651727783754471	-0.44850149658769395	-0.48432328911721717	-0.47063837409019443	-0.4458487149447194	-0.4393827658504249	-0.4897262538865208	-0.4194146177679305	-0.4759539243780078	-0.4673563588388264	-0.4596484953651207	-0.4692848910331728	-0.4461910890564317	-0.4867694838095457	-0.5389127713680268	-0.43141617839187363	-0.44564357115626313	-0.4578145054265852	-0.5946580338388681	-0.45936795928776236	-0.44650198604091956	-0.4640229957327243	-0.4890015987485653	-0.4534723139703273	-0.47822158177196983	-0.4688693238452075	-0.4028867195218804	-0.5448168825179338	-0.4512273856937881	-0.4427694898784157	-0.4756507718980315	-0.4352836964502932	-0.4349402773320681	-0.45630628554969993	-0.49667570174038406	-0.4575888876676553	-0.5067270096518095	-0.47799292255304787	-0.4907082358494396	-0.42229698379561365	-0.4514746891334652	-0.4654820888623597	-0.46848519696258073	-0.4706689427375791	-0.45682979551106684	-0.4442034260883924	-0.4458120571270587	-0.4537398641064766	-0.4676283925026656	-0.46429554423391833	-0.49246662872731645	-0.470702984884381	-0.46742501406967696	-0.43806330963820256	-0.47135902076289055	-0.4301447835605593	-0.45115699500590567	-0.4709501218438151	-0.4543782378159466	-0.47818040566444336	-0.4820307288497686	-0.4915138804703951	-0.44528557310625916	-0.4822033129006621	-0.44881740716695767	-0.4462042371422059	-0.47871687426120085	-0.4434325198382142	-0.4705175341039888	-0.4308023213878279	-0.4851375980824231
0.35554143846631014	0.35772873872220473	0.3332170974254606	0.35486165932416813	0.3514520583480596	0.3452944912254808	0.33935624001026177	0.3505613619327538	0.34703098923265885	0.3277032873511313	0.3585034836441272	0.3284527359306811	0.3747360807031385	0.3380141503334033	0.36335663935542084	0.3695566251635546	0.3159044445067642	0.3563464135974645	0.3445953496903177	0.3299691526710983	0.34935383635163253	0.35349227618575035	0.3542460619390005	0.35808226566612666	0.38656515971124134	0.36868305146396074	0.3394189057707782	0.35002324055135225	0.33330924391150457	0.35863917454481015	0.34299170386195155	0.3376413608729836	0.3211907756805421	0.34591267616152743	0.35255598056614296	0.3298742904365064	0.348782889452576	0.3393216072022908	0.3396896876066916	0.3521665654897683	0.3520309000521895	0.33259383984208063	0.3427243164002891	0.32922697868943174	0.3419359173238269	0.36289528887569833	0.31833930042684033	0.3553364088177674	0.3324344388246532	0.31574492361843526	0.35775159410238216	0.35324885452687643	0.3426162429690357	0.3252733971685156	0.3783231117695568	0.35625602653622623	0.32248764733374125	0.3801102195292707	0.33698667970597684	0.3211748228818176	0.3582471966087809	0.3404732792705297	0.32120481328368145	0.3791576767086977	0.3650893080383538	0.3532975956678386	0.34026647551357686	0.3398848093032829	0.33393535028099985	0.37854809108376497	0.35250341484844594	0.33244327292442244	0.3433557029008862	0.3405659437268978	0.3137918556362386	0.34585697272419874	0.3611996714949602	0.3567082252204411	0.36077611026167833	0.35987590989768414	0.3252295219808822	0.36005751254260465	0.3482182572782031	0.34831946740746406	0.33826794470548643	0.34529151835441546	0.32948199073076173	0.3761800207823513	0.3701951746284956	0.3574608052462325	0.32786959025561807	0.3309059436470271	0.3592121102839704	0.3582715663671485	0.34690586166381887	0.32750733907818813	0.36454071771800456	0.3366564220905294	0.35233601632714195	0.3667502125144004
0.6113748495638385	0.6213892225205897	0.6108137803375724	0.6011707435816533	0.61505952630341	0.5995051607549188	0.6221410907924178	0.6227373256206516	0.6145392567187555	0.6212806190758935	0.5889639783233404	0.6232245925098655	0.5993999487310647	0.6370398923069243	0.6313648648709065	0.6633979792118074	0.5969083086818455	0.5809095304578542	0.6113581801861523	0.632183515390754	0.6227489905625588	0.6016349430173639	0.5928806494981045	0.5840879343092436	0.5963439740598209	0.6053472624421127	0.6086097487747664	0.6165529595404865	0.6094619379758833	0.6046241207003593	0.6127781879484657	0.6084766886472703	0.5919014301776881	0.6289816251605747	0.5695981941312547	0.6305923769384619	0.6122672599583864	0.5932238932400947	0.5971126538485286	0.6327425643742084	0.6054162943422787	0.5979471236526964	0.6052630785077814	0.623085050529241	0.5801614338964233	0.6056913707673558	0.61999524320364	0.6409033017396932	0.615784961757064	0.6337896210670465	0.6018270376443868	0.5664130131214856	0.6194154216736563	0.5847802159875632	0.6393070016413924	0.6123544448912145	0.6277051798522466	0.62267650155127	0.6180145040422683	0.6153391622811555	0.5726259596109399	0.5881620799630878	0.5937141040265559	0.6019261181861161	0.6148611739665274	0.6114009912818662	0.6016041848480698	0.621732099333405	0.6303001144587992	0.6143702821046115	0.6075577098876236	0.6190147248625762	0.615787502500414	0.6365189213156691	0.6111012979596844	0.5120525365054609	0.6197704227119678	0.6217307692378756	0.6077855249196293	0.5779527169346808	0.6004705883711571	0.6148315421432256	0.6144937794715157	0.614330338540673	0.6206743805438271	0.5996102781563992	0.6033516539335251	0.6274889790534968	0.6028840733915574	0.6225041376054286	0.5945405583053834	0.6313185481250292	0.6151484216392047	0.6246183427959681	0.607194446966052	0.5863390344440933	0.5797900816887618	0.6170558479368672	0.6273511024922139	0.5801531589716667
0.7047740282773967	0.6865840458899747	0.6970689430952063	0.7207397682607176	0.7137515884459015	0.7218909586220991	0.7201875401109464	0.6331258238792418	0.6764485577911146	0.7308438391387461	0.7246717179656044	0.746805267143249	0.7001626623392113	0.6947036472916606	0.7221481359362611	0.6924664562791584	0.7211879127502447	0.7484052471905944	0.7288634643547242	0.7396707957118751	0.7174701949477191	0.7079528038412342	0.7104030755162243	0.6881924259275191	0.7436487467169768	0.6929511180192219	0.7138134003371005	0.699208111479878	0.7095697293430568	0.725968187609315	0.7287685447484261	0.70754475133717	0.7080147831082347	0.7098063333541157	0.7171590842127809	0.7217444462448356	0.6693308208018544	0.7238191231995822	0.7178207732468848	0.5794594055414195	0.7156971646994335	0.7082485839128496	0.7251144603580245	0.729369549345971	0.7114739565253264	0.6966610766887663	0.7463757120460275	0.6954954211592674	0.7233328217238187	0.7431127629220483	0.7084806646615271	0.7165350161164993	0.7454335873991258	0.7336317673981194	0.7057121103078129	0.7200769434779886	0.7056450898319487	0.7019956572324033	0.7290232316195975	0.7064666296750302	0.7082387616395969	0.7259010474562657	0.6863678748100986	0.72097506764233	0.7305028399169446	0.6904051561385398	0.7334951208621268	0.7228593500554567	0.7334621440768246	0.7408670867472882	0.7025136481791733	0.7160930352568629	0.7135499335169793	0.7023291943490508	0.7220502186238762	0.7091241903960704	0.727439393526316	0.7064429921358822	0.7016450133174656	0.72047021638453	0.7457274605333806	0.7032201766580347	0.718445423549414	0.6954966302514084	0.7306608760297301	0.7372414060711866	0.7168873757928613	0.7433507200121886	0.7166837277442223	0.704220143389703	0.7131801750227813	0.733271659234166	0.7074439092338093	0.7034928415358085	0.7177251046031712	0.717703284174204	0.702010883703828	0.7162620438128708	0.7119896436184651	0.7138457128524787
0.7598060560733084	0.7340609347939492	0.7640126435250046	0.7519283236444007	0.7501176186189057	0.7527557094275957	0.7362563863098633	0.7456528984874483	0.731141562569142	0.7618833336770533	0.7400646107733247	0.7522040485590701	0.7199328382611283	0.7847983032673622	0.7147318162620077	0.7757128509819515	0.7443060978442425	0.728789183762671	0.779079015511275	0.768166886883974	0.7616413996428246	0.7565094255626205	0.7872797365933667	0.7498579680949448	0.7566409359514712	0.7584593739897001	0.7696938049703849	0.7708169408440585	0.7541752909630541	0.7438128339350227	0.749833644059301	0.7781940530955793	0.7420759619385003	0.7207221732109786	0.7615805552363403	0.7573325803846123	0.7568729641616352	0.7893809227526183	0.7784680152803659	0.7234475671738386	0.7352239183306707	0.7687067933082589	0.7717863768011328	0.767713167098165	0.7742889463245878	0.7433945676535377	0.7782483148396019	0.752010953827203	0.7647113503009082	0.7376482195854189	0.755614229267835	0.7805792982161041	0.7452436209022995	0.7944576461225754	0.7531957237213848	0.7294482584595677	0.7521294721722613	0.7663895509451636	0.7852026699543008	0.7584547276526686	0.7523758376270547	0.795068261393906	0.7518811621338131	0.768681618994475	0.7245732556402682	0.7622134438514715	0.7627435637801887	0.726360107755661	0.7607496956318623	0.7434010610073816	0.7694094509750615	0.7623430052399636	0.765848534016311	0.7578535530596968	0.777839318549633	0.7689668227702394	0.73961490971446	0.7770578786909584	0.7396858211696157	0.7660088190138347	0.7572548910617829	0.7544210903227327	0.7751276012092836	0.7643247023135418	0.7664951988369232	0.7659806782096618	0.6669098398745062	0.7667677177101384	0.730111234852672	0.7020946837916984	0.7857965654313573	0.7630195659846065	0.7640198913931843	0.7539200079083451	0.7389703284800049	0.7638110460221764	0.7422632040172835	0.7589405048638591	0.7519419147104031	0.7378200206011531
0.744650765697658	0.7878258541226385	0.7702756517887126	0.7906975929513574	0.7974500001192095	0.7719611379995936	0.7490425843119612	0.7908104950606829	0.7378193864732979	0.7854227709025146	0.7532169959813348	0.81070155633241	0.7586379355669028	0.7670469636127353	0.7858741487145435	0.7717942344069483	0.7654356617987174	0.7733291277915243	0.7631262436747551	0.7860511537104852	0.756646210050583	0.7830612756729126	0.758442029896378	0.7442971047997475	0.766016925439238	0.8059728040933614	0.7838000749900936	0.7475078700929885	0.7809601396381861	0.7575241383567455	0.8094170758992427	0.7839141849488017	0.7580632673233749	0.7790540311262011	0.7808437467455864	0.7514602863281958	0.7502767226144678	0.7702874468445783	0.8069117668092258	0.7661093440644444	0.7621342957288026	0.7879391618952155	0.779795482179522	0.8116533297970904	0.7823412367016079	0.772279834842683	0.7702944318085916	0.7643472573906195	0.7875301310271027	0.670370530068875	0.8011035554200415	0.7672891088306899	0.7694088738352063	0.7614386682212353	0.811241203668714	0.8100945789366956	0.7576766346633439	0.7492704083919535	0.7773454430699354	0.7723119095712909	0.7785103292375808	0.7672585941314707	0.7630369127810004	0.7444045673727995	0.7707328613549467	0.7773034510880715	0.7761320338755849	0.7719362067997452	0.8067673777073633	0.773634148174524	0.7294961680114271	0.7924136645630007	0.809505012795329	0.7482230740070355	0.7980745240360512	0.7606853669554012	0.8241294252008196	0.5453475037351235	0.7765685661524531	0.757976213762164	0.7674670841872704	0.7657817587822685	0.7601984909057623	0.7664695734024058	0.7618880670040843	0.6579882070958607	0.7621426217615612	0.775040220865608	0.7837131735146051	0.553579102522135	0.769414128620922	0.7661443851903089	0.7567991074711096	0.7504175198614597	0.7814566650852566	0.7591882481589914	0.7624047344565409	0.7896733409553758	0.7857454154193412	0.7734144590884465
0.82012603429556	0.7796919606834659	0.7006946389675142	0.7744603577107191	0.7652915070772179	0.797243181824684	0.8037327748060237	0.8066430915355699	0.8298194391816857	0.8137813372254374	0.7930598314762121	0.8011289368480444	0.8092739209979775	0.7987779699653389	0.7996298164397476	0.7929835655689252	0.8148601100713017	0.7035681947737927	0.7942941213250166	0.8326572017461069	0.7913050614565625	0.7924981959193933	0.8108136653035883	0.7828452544718988	0.7919637010425346	0.7864603973716492	0.8131905281588441	0.818068385094405	0.7859375632017853	0.8129014782071101	0.8369280131757263	0.8139005724608899	0.812755794516206	0.7030998386144637	0.8123358708977704	0.7938750719517466	0.7947163348495959	0.8201595848858357	0.8107782790243631	0.7924760620146989	0.7180435905277738	0.7928639717400082	0.8020200951725249	0.7969412005960951	0.7902940619736902	0.800836348679663	0.7892244890540834	0.7985365192204716	0.79103471211195	0.819598078891636	0.8098216543018817	0.7946122087627656	0.7856226210147148	0.7644179906249062	0.8181338167488577	0.804110582566262	0.831069195556641	0.8340666813224561	0.7755902720838795	0.7986985205292708	0.7639640891343349	0.7873545361727473	0.8027841818809516	0.8257954274326552	0.8441495740160354	0.8366496046692136	0.8089805463582271	0.814437458482386	0.7974305634170761	0.7853274159014221	0.7950532026171678	0.8006084988057617	0.8296396691352123	0.7858650119647391	0.7892588498532783	0.822840525867045	0.8292956146121023	0.8168228946894421	0.8285805696278802	0.8270770388901237	0.7737018690764904	0.7883019093513477	0.6829886899352078	0.8293928391903638	0.7956479457646622	0.7822341798961147	0.816844166377187	0.823567574611306	0.8113188523650183	0.8208041513264197	0.7894323381870979	0.8317806752681743	0.7975071377962833	0.8181523162424557	0.7830999336138372	0.7954882634520535	0.7783773160278806	0.8237922544687993	0.7974305584758511	0.7560490576833494
0.8174560068070899	0.7828838639736184	0.7976923008710138	0.7806899807155132	0.8100801499009138	0.6954476216226836	0.8160311358422039	0.8082407574296007	0.7689997257366777	0.8076344180285939	0.8054046118229621	0.7826965121537446	0.8382922957479967	0.7934112188369037	0.8092594918787466	0.790118521279096	0.7859902932465075	0.7967687301099299	0.7920967218786492	0.79114606231153	0.82285590107441	0.8204146852016463	0.8164941612005254	0.7835941469967362	0.6715393964678052	0.7880065949261197	0.8001916130036117	0.8292960939109332	0.8099676905214792	0.8037113762050866	0.7957299970954657	0.7970507275074727	0.8077080751001832	0.8025451070666318	0.7962535221785311	0.8247212912663825	0.8194264150589711	0.6926868482023478	0.8327355424702169	0.8096937610864645	0.811198789083958	0.8064739408791074	0.7846567436486487	0.8041609692692766	0.7911873218685392	0.7975564546197657	0.7677751181483268	0.7878849909871817	0.805250019171834	0.8026082330554731	0.7831345974639062	0.8336594391345978	0.8012319606393579	0.8099787014216193	0.7743549855276955	0.7788208940386778	0.8253443723231552	0.8085442147195351	0.7869358904391544	0.7908892415285116	0.76284338875711	0.8322212721258399	0.7828858602970835	0.7923932048588987	0.808222344896198	0.6997121823936702	0.8280747381657366	0.7769694570094358	0.7881527064949267	0.8203328225225212	0.7983727678999301	0.7987463009923708	0.8319264102667575	0.7920812405169022	0.7837425638526687	0.7641647871136669	0.7722321425408123	0.8134392860472214	0.7953206568568953	0.8122503562897447	0.7821608845680945	0.7952651958137748	0.782887120798231	0.8093829477071749	0.7896971782296899	0.715090913802386	0.8221144540518529	0.7899218621283783	0.7203213184863333	0.7667906549423936	0.8297040177851919	0.7875026764363057	0.8136391377478829	0.790709673839807	0.789958800572158	0.8378756625950332	0.7959854905396709	0.814529847157001	0.8442556690931319	0.8107952676892287
0.8139681365728382	0.8080491681635387	0.7812933488935239	0.820495328003168	0.8177809969305996	0.8202450483918194	0.8095431456029419	0.8150018989801403	0.8127368605345489	0.8234123878598211	0.8016710643649095	0.8425352876186386	0.819184891900419	0.7397340759456167	0.8321412911534308	0.8352301468819383	0.8020646983355285	0.8195658905610442	0.8413557076215741	0.8069980627417566	0.827511930209397	0.7859197139799595	0.8086239547580489	0.8444925001829862	0.8036250391811138	0.8125639389157298	0.8252438637256624	0.8020938278615473	0.7992569809138768	0.6064664975985885	0.8170986228376638	0.8205047593906524	0.8183009474456309	0.8213919328421353	0.8311234773725267	0.817939172577858	0.693464675590396	0.8320638467043645	0.8092663903802638	0.8248726166486737	0.8332764151006948	0.823306846129894	0.8235434473425163	0.855636701902748	0.8040810499995936	0.8302351271897558	0.8165552582770588	0.8014770496010781	0.8412499119877822	0.7337897077336895	0.8136911613434556	0.8415490299895404	0.7958142126291986	0.8030639061182736	0.6892168155074127	0.8063613641142857	0.7256562849998472	0.788829629537464	0.8401667479693881	0.8339982185035957	0.7951994682908069	0.8298070718795056	0.7754269008606667	0.7975877566128969	0.8372038936957716	0.8392957768142224	0.8121172517299656	0.8538097044974565	0.850427204111219	0.8091307023882871	0.8046041680514823	0.8173713893085736	0.7886051653325558	0.8222981037080291	0.7149282443046567	0.7935855216979972	0.7960517089903362	0.8202181078255174	0.8109626268386831	0.793193717435003	0.8214369434595113	0.8227844164311903	0.8281058692753315	0.8327887124300009	0.7863659570902597	0.7741657730422916	0.8271110717684029	0.8088889972299347	0.8445596231669187	0.8441516577899459	0.8224291547030216	0.8152950970977536	0.8207511157095435	0.7114644051730629	0.8150324303179979	0.8010686578631387	0.8153207207858567	0.8276695233806963	0.8185868402332066	0.8303653227716677
0.8045414843708276	0.80703192472905	0.7590994601011279	0.8386359814107421	0.7847208813607699	0.759680144640804	0.8337077406235041	0.7623052108198407	0.769788028949499	0.684337530691922	0.6660615437775846	0.7882068250417721	0.7865892515391113	0.7898006125897166	0.815827920258046	0.7952525143958622	0.7850756990700973	0.7848339091554287	0.6970737594634294	0.7793856052249672	0.8040912269651895	0.8057159757897266	0.8068708710998302	0.8024350681379431	0.7712673770569267	0.7848397205919028	0.5650937618315226	0.8153311863124374	0.7672011436894529	0.7777636450558908	0.7844080429732793	0.7863365320652728	0.8087067545920607	0.7958268477156755	0.7844725563131284	0.7701692199185481	0.6759602098092437	0.7908013626918188	0.7107746536940329	0.7038587587326769	0.7378183040812594	0.7884490982890144	0.657397151988745	0.7025737671583892	0.7735544376194479	0.781115056017041	0.8093767267018552	0.759404915364087	0.7992215443521737	0.7889960881412017	0.6927374461770062	0.6681139847114685	0.6799960186958314	0.7679649006426329	0.7864725213840603	0.791322604854406	0.7958469408571736	0.7401061857648191	0.7834712892502563	0.6936471774801607	0.5494749716684222	0.7906989552170035	0.8124776005238306	0.7843700717270375	0.7797318159699449	0.7976720950588587	0.8146240726113314	0.6920401921421284	0.772328940090537	0.7947897958993909	0.7598335025608541	0.6637791061982516	0.7484630034178502	0.7849985908478498	0.7872852295637118	0.7460183192789559	0.7751616895943887	0.7025034940063961	0.8159838879883273	0.7929822470784196	0.708436010107399	0.8166087178409104	0.8362037618637083	0.7868019091904168	0.7772029267817736	0.7524097559303048	0.700435740661621	0.6740026533216241	0.7764926431119437	0.7660573884248738	0.7567998714953662	0.7035071987390519	0.8039929717361923	0.4562138517230743	0.6826239166051149	0.8248842785567048	0.79686193883121	0.8023621071398261	0.7803024013608699	0.7884682341277605
0.8084806633859879	0.8094722091838725	0.4797186131462461	0.7871335514962666	0.680028246492148	0.7860604247465744	0.8113672070100911	0.7109305232256659	0.770228075838089	0.8080210637904705	0.796108456142247	0.7988092672437417	0.7869095058262345	0.7732648925811053	0.599006122502312	0.7837205336600538	0.7887079636693003	0.6657719848871232	0.7692676557064068	0.797200583097339	0.786669657865167	0.8106470982491968	0.7604292284715917	0.7861888001203539	0.8198343821674584	0.785017649552227	0.6900718353569508	0.804573744991422	0.8026810117930177	0.8214248174101103	0.6921384793937206	0.669419205692411	0.8241712984643885	0.8094061499565834	0.7844272040024401	0.6838758993983267	0.7792318332940341	0.806592026641966	0.8026174731731426	0.7255736407309771	0.6383303161174056	0.8095881195083262	0.8032615132465954	0.7944763988554481	0.7769512843728077	0.8104948058784011	0.8259668937057251	0.8145571209013462	0.696388308343291	0.8147509297072871	0.7856218944966797	0.7811340597450728	0.7885187974825503	0.7879872941911218	0.7965408918783062	0.8081623161256319	0.7961476587653149	0.794281298708916	0.7712073311708861	0.8374130955487489	0.679396956285835	0.7729182873696092	0.66466526247263	0.8086709791958331	0.727194446954132	0.6138472544014452	0.3706825120717288	0.7811785039454703	0.7969656528443101	0.7026558522880072	0.6831393588557846	0.6918077991455792	0.8218068589501094	0.7863405021220452	0.7600152651160954	0.4764114869534971	0.7021374064594503	0.7835947071433064	0.77770456135273	0.8324554430782803	0.7625126176863913	0.8027162988230584	0.7949361449308686	0.7745185839205987	0.8083159880697743	0.8330642871707672	0.7631490031838412	0.813251442693174	0.800906896056236	0.7960204481720925	0.7087431938499217	0.7126194795936358	0.7812716697633257	0.8181718391031028	0.7071259414196011	0.7676851218625907	0.7985148502051833	0.49489242011308604	0.8074854815214868	0.7078067002385858
0.8167908810526129	0.8239828271552923	0.8171665203064683	0.7791375139683502	0.8075078877955668	0.837295492208004	0.7791264396145939	0.8119717117413877	0.6832149085879332	0.5217450028300284	0.8076313742488627	0.7384316022396081	0.7315214209318157	0.7932235232234002	0.8152770581662666	0.8016957103222606	0.7172621084213271	0.6205543327733875	0.8140407352745541	0.7296380208984018	0.8518203407377013	0.6909351358592501	0.827837349039317	0.831489748305084	0.7378092439666394	0.7569259541198609	0.8360880162760617	0.8314027544051409	0.8086747804731115	0.8288774717435243	0.8105920864343642	0.7966818224847314	0.7120327667899441	0.8441170006036757	0.8087030006587512	0.7928536379307504	0.853102803884446	0.7004481796234833	0.692627158963681	0.6523288194447754	0.8063122763365499	0.8002103086769585	0.8295954964697365	0.6161858839452267	0.8160064115077243	0.8382809978678833	0.5922066657543186	0.8046687252074478	0.6172773189842706	0.8208631366670125	0.8520250445246691	0.7957952514648438	0.7157571391671882	0.7945805090367795	0.7400037702351808	0.813178123307229	0.8130118485838171	0.7360794135183101	0.8278873344123369	0.8040757216125721	0.8660287684246896	0.8541027825027695	0.8074822855710994	0.8318356119930743	0.773983877509832	0.7007324675202377	0.8065639636635793	0.7950939177840952	0.8378142120942476	0.8289374120086442	0.6964886353552355	0.7075814549118292	0.6277273412048823	0.825667497566715	0.8416947763338682	0.800038713505864	0.8404076867207882	0.8477641531892117	0.8124541192770013	0.8095903741866363	0.6951425710380085	0.8349600082576272	0.8190219043374064	0.7007096639812003	0.8402516137942672	0.8441003988713031	0.49147833630144616	0.8209717795133604	0.729803602680564	0.6726895534530275	0.8281365983098745	0.8381522409468889	0.3949471828281874	0.8174691110879185	0.5926500472337022	0.8141992565870286	0.4913954025447369	0.8427818573452533	0.7332614682763821	0.6453154595673082
0.8370711542412655	0.630368838575483	0.8294123925745487	0.8136954302042722	0.8492407618343838	0.8329460831642151	0.8436907067358503	0.6206855232983831	0.8366219791233542	0.838336537910998	0.7207443144500253	0.7613914456844332	0.734332952031494	0.8577612247765066	0.8369839968085288	0.8559147228658202	0.8552058711230772	0.8457036011993893	0.7608461977332835	0.8311188400954014	0.8222470664739613	0.748184321117401	0.8102624149769536	0.8342228137910369	0.7199274376034738	0.721525176379085	0.8470818939000375	0.846642947372795	0.8348121828734869	0.8127132163584233	0.8458234568059443	0.8422176929228001	0.8392378821581599	0.7478116556376219	0.8260962309509503	0.8226558589920403	0.8171236455753447	0.7250854624763143	0.8334224239170565	0.8470108062669633	0.6059160827904939	0.5149544281840326	0.6257610912084582	0.8582494956403981	0.8396793152034296	0.5114257042258973	0.8189150245964519	0.8106857856005425	0.8250719070285547	0.8460616773337122	0.8401055906370286	0.8381811324164279	0.8486773191571236	0.7132725949406622	0.832766053943337	0.8163518321722754	0.7421186633825305	0.8336729759871974	0.8246530602067706	0.7578321607261913	0.8446063783884047	0.8585689387202267	0.725123857437074	0.812975317880513	0.816912391544879	0.6328760229369623	0.8517409265667208	0.7443809456378225	0.8140043067812919	0.8238515670865778	0.8172750686675303	0.7139661372661588	0.7313385071769349	0.8243855831891304	0.8345500072151432	0.8312564821571121	0.8193871623873704	0.8585189344108106	0.8214357045441872	0.7924164692074066	0.7036024257600306	0.7142403416723011	0.8370325512468817	0.5280246029764407	0.6088223589479927	0.8186418208479881	0.8097432906910788	0.8224076312594109	0.8488817442804576	0.8171441894918673	0.7354247538089747	0.8243532567024245	0.8226003132969131	0.8125303704172387	0.8178422296851876	0.8221607475399977	0.847355366298558	0.8590976118028161	0.8300528966307644	0.7377215588301419
0.8682043438524014	0.8557187398761521	0.8718244051456454	0.8485581716448057	0.8640436396345494	0.8280098798930644	0.8557855791032309	0.8537647745758306	0.861055998918413	0.8703706323832286	0.8486245462805033	0.7597619515776642	0.8666308639913798	0.8448715235173714	0.8272733281850813	0.8201833692163238	0.8291537725895651	0.8460777708351616	0.9086000322312126	0.8535207588389523	0.8551961813658479	0.8377030293047433	0.7518115464568133	0.7624279399193828	0.8606600520431996	0.8692488356813792	0.8833263227894913	0.8224994458019735	0.8366867853522302	0.8066241138905297	0.7405518600612883	0.8557353970348847	0.8227427845329066	0.8662311079472299	0.7412353741645821	0.8379393100619313	0.8532783355742684	0.7427870152965185	0.8462856367647659	0.6783274118304254	0.7385430666774521	0.8386464894682188	0.8409040617316963	0.8570999900758269	0.8409152596890918	0.8388194310724733	0.7186561860591167	0.889755612626672	0.7449377595782278	0.8591639315783992	0.5133678670942775	0.887066476732493	0.8466983647421001	0.7520219830662018	0.7650861943483347	0.8746813918560746	0.8811282176852224	0.7949158923864362	0.830033125165106	0.8621319631218906	0.8891268779419366	0.6352756265074018	0.8369923130989072	0.8419811518549917	0.8170912243396039	0.7480720170378679	0.7392250721663235	0.8488416755050424	0.8537377007246021	0.8536786822065711	0.8677831747323265	0.8255862173587075	0.8515040245622408	0.8353650382578377	0.8499879912137989	0.8074418803155429	0.8572498041868222	0.8448725937575103	0.8426947288572799	0.8322350661300133	0.8409739924907688	0.8606631457984444	0.8584888906717305	0.8578108268439761	0.8338274780333048	0.8354157286375762	0.8276540815085175	0.8475728467226025	0.880841736179591	0.7530724780976774	0.7552112924337376	0.8460345772057786	0.7317281610697508	0.8625155477583422	0.8173356853485109	0.8431294678330431	0.8086256033852705	0.851368700090051	0.8520039254724975	0.7741546307861817
0.8220357579886917	0.8503663176834588	0.8545831553071737	0.8582285199135544	0.828464250254631	0.8366447007715707	0.8753627927184107	0.8455661489814521	0.8628120188027623	0.8450830403894194	0.7315663853913539	0.8435481438130141	0.6629169908553356	0.882769541746377	0.8314682547897102	0.8589037140727042	0.83533947365284	0.8463811938464643	0.8532238363653424	0.44995279598534155	0.7220946904882783	0.8507570709958677	0.648964314582944	0.8654225830316543	0.7372072460323578	0.8611644796669486	0.8314410238236191	0.7471049008667456	0.851253974336386	0.8750877666711796	0.768443734359741	0.729066760346294	0.7434115319192409	0.8190046825289724	0.8740858304262166	0.8621378296285866	0.8396292205750948	0.7811979014903301	0.8503255418628453	0.8477279812753198	0.7920555316358823	0.8643984692037109	0.7522392134815448	0.851695660546421	0.8292378599762923	0.8341362348079681	0.7528244774222382	0.7506063627094042	0.755380556827785	0.7440787697762268	0.907163677269221	0.8411859605237848	0.8536699048906562	0.7228111535429961	0.8745716294497268	0.5305826805829991	0.8408469437465068	0.8685921097487213	0.8696932757258409	0.7461990902572861	0.6498129123896359	0.7293646615892653	0.8788210278958068	0.8942231191784142	0.7585663216143848	0.8635151017040019	0.8724289029389624	0.8516315076053151	0.8581180761255339	0.8474318994879719	0.8613225629061448	0.8313215517550708	0.7542155803531408	0.8576562888115642	0.7887328021287928	0.8312489413082601	0.8377098454624418	0.8554815132141101	0.8376863312929855	0.757088542717695	0.8691669941693545	0.8503025977760561	0.8409207598209396	0.8839203014254572	0.6521124703437094	0.8496156249254923	0.8390149156749261	0.8623869798600672	0.7570059756144878	0.8852706887006757	0.8175347246319052	0.8579664868444211	0.844664688748121	0.8433950294047585	0.6352373923808331	0.8452480470031506	0.7601204818487184	0.8183982823103657	0.6372908591926087	0.8843424748152499
0.8391424440830954	0.8604624274283652	0.8672270316332588	0.8665673570483935	0.8352844461768871	0.8551296011209496	0.8392815648645169	0.8634378378748891	0.8374570980310433	0.856512013980746	0.8506056230545054	0.860162497431041	0.8110105412870648	0.8373706640869398	0.754728551885485	0.8233686902314442	0.8660173138707884	0.8277840236663839	0.8482268542364234	0.8660834321349866	0.8547218462139379	0.761457861219346	0.8821177349537617	0.8620833126515163	0.8636214026123291	0.8306552895307535	0.910417825230957	0.7552662951469424	0.8514560976713913	0.8408524178385733	0.8518827118992807	0.8515622729241852	0.8515328270882377	0.8714958491682999	0.7636844972550861	0.7896789181917926	0.8521114519059658	0.8693195643723	0.8475525622427463	0.8537265372812759	0.8921177817761896	0.8535247374773028	0.8771324752241384	0.829146039476992	0.8300414602756517	0.6980354401052001	0.8487660761758681	0.8507856554389001	0.7362570637017491	0.8465159229278557	0.8191798216462132	0.8410764878720053	0.8341275299727925	0.8608930890023727	0.8608509879559283	0.8316439597427843	0.8586573668152109	0.8588885865360499	0.8502610832631582	0.8267371067970986	0.7510078592270607	0.819378674906493	0.7640069412022824	0.8628015349119905	0.810986430880428	0.8327576992809793	0.6857882868528367	0.8366080924451346	0.8562292337328203	0.8372959263503557	0.7494786835312842	0.8496998585522174	0.8270121809631581	0.7661161043643955	0.8417135630726816	0.8509037734270104	0.8327426591098323	0.8608283860027793	0.8741890167534345	0.8611434978038081	0.845277344748378	0.8612691597104065	0.7478952982157476	0.8595943310499191	0.8555308142215013	0.7445799460381269	0.733997808310389	0.8115307084113355	0.8628330369293694	0.7185303883254543	0.845515517553687	0.8537389341473586	0.7459524844437854	0.8448346097350119	0.8392003499120492	0.8460286736130717	0.8596656316459192	0.8390960797429087	0.8493329888165001	0.879097776806354
0.8376340240865947	0.8592265023738146	0.8455606198251252	0.7573478156954047	0.8656851461142321	0.8850482046902189	0.7931810500770808	0.858961659985781	0.8171539466798319	0.8556640790939329	0.8417134454280149	0.871689701026679	0.8618248984366658	0.8729891857832669	0.8728115718215691	0.8672487929552799	0.8284375822663314	0.75702785153985	0.830594227027893	0.8345079863756899	0.8625846665978435	0.8340619675725701	0.8398610929936176	0.8142224873036149	0.8406076516240834	0.864441340890528	0.857889503291249	0.8579599384754903	0.8736270854592331	0.8631408188998709	0.8509607347428814	0.7463729767769578	0.8587327748030432	0.8429683141320958	0.8644002234607943	0.8089443164497618	0.8855598999440669	0.7938385133385655	0.8310486261099576	0.8539102682927613	0.7528705675393325	0.7004222253829242	0.8353192034780984	0.8584767005562779	0.7359717485874896	0.854045389299095	0.8757593738555919	0.8700711893498903	0.8482916906833655	0.8724878847897057	0.8046641598224645	0.883823157748581	0.8343563148558136	0.849774228158595	0.8425749300152068	0.8512597531199462	0.7578375148370852	0.8640524042546746	0.8898898002564909	0.8464767917245627	0.8445622296959183	0.8409604170113795	0.7505054923474795	0.848347746488452	0.8267718484133484	0.8685682040274154	0.8670900348573936	0.8741131860643626	0.8382612647652619	0.6593255778908733	0.7564364550933254	0.8376733074367045	0.866137787836791	0.8559859554678207	0.8329132222920647	0.8574091836363081	0.8622724837407482	0.7242463321611288	0.8744117494404317	0.8549908070266253	0.8432581896096465	0.77074693454206	0.8656732849121103	0.8820838257968421	0.8559203213870535	0.8634825335532428	0.8657003761172288	0.8391784013301138	0.8865665528148415	0.8868556142330182	0.8522396909594534	0.8594529406249506	0.8509425832450394	0.8634355722665783	0.862151796239615	0.8405506826668977	0.8179314992129813	0.867187036025524	0.8631295432627203	0.8627167581886048
0.7235508418828251	0.8360879317224021	0.7627221928268664	0.8779743126899027	0.8255881053835157	0.8641716409236189	0.8396514069050542	0.8846683444887404	0.6404804052740344	0.8281482036858803	0.8663571999490263	0.8753071431636814	0.8732000631630426	0.7614729163736096	0.7975772224962703	0.8648874992340814	0.8798303228959445	0.7431370531558988	0.7724203312575824	0.8717740453004839	0.8842055545091624	0.8727233512997636	0.8784851256608966	0.7650478807121511	0.7410397184908384	0.8502382021814582	0.8447057687044163	0.6563790366083387	0.8784221587449315	0.8683992531657221	0.884984242224694	0.8610610106736406	0.8426883105218409	0.8658694549426434	0.8672312641531231	0.8943191418886193	0.8402037246406079	0.8576242329806087	0.8552584709763528	0.7652498692721136	0.7454198608666659	0.9046337559163574	0.8466391649663444	0.8772734281092872	0.6369812691777947	0.8641798503845937	0.768058507871628	0.8517919426262374	0.8690685938507322	0.8546545332431799	0.8597488959372036	0.8579349861025813	0.8309732828855515	0.8694552200771872	0.6499482384324083	0.8332963642865419	0.8617026096016163	0.8523204468339696	0.8517973682850598	0.7761536130279304	0.8765593872010708	0.739657290782035	0.892242640665175	0.8854437023341669	0.8625910166800016	0.860562795561552	0.8784340260833513	0.8332639574974781	0.7783142207562919	0.881699852749706	0.45703472667336453	0.5260365831792352	0.8500935563087461	0.8666555080741654	0.8817857645124194	0.8664680402994155	0.8551427198469638	0.8704785449936996	0.8753388530582191	0.854710967221856	0.7846938244164007	0.85816598853171	0.8583071874439712	0.7654375201076273	0.8710244878511891	0.7566161346346141	0.770164628696442	0.8486018212735664	0.8806775908350957	0.5760129781305787	0.8478662438273431	0.8794172862380747	0.7779706114917986	0.751419823947549	0.8718102386087183	0.82356982358098	0.819366894188522	0.8798638823568835	0.8774146004796023	0.8934415174186233
0.7571730605676767	0.8784675815671675	0.7919467886954559	0.8763732737153771	0.7610965104579935	0.8970410171985623	0.8510430360406634	0.8947642256915573	0.8491433068335068	0.7647093786150209	0.7352040504366155	0.8875836931586272	0.8565994585514068	0.8636689958989627	0.8507452537566441	0.8601047086715702	0.8642227916270491	0.8824576846838008	0.7795481186032283	0.8386277234822519	0.7885048133730884	0.8608103788733482	0.8911642046719799	0.8619870046496398	0.8846724759697909	0.8725633008152237	0.8661894525438548	0.7326589944958697	0.8826750056236979	0.8396521849781284	0.8576599645286802	0.8487235808774832	0.8673940618813035	0.7686510256081822	0.7550781720846894	0.8782946621209388	0.6619616271018992	0.8418098901361234	0.7626887420520195	0.8683520725324747	0.8737039074599738	0.8755580489881334	0.8824581761389981	0.816310505601764	0.854569690984488	0.8474145789280546	0.7489169174224151	0.7690202624239033	0.6493229968458412	0.8385699596166616	0.8528927460551265	0.8520462290316826	0.8530844825565819	0.7734474610716106	0.8195515366479743	0.7668139178395268	0.824220328336955	0.909874077230692	0.77731763098538	0.8441821664452552	0.8424873193681248	0.8650026914119717	0.8882876496195796	0.8843874440073969	0.838789234131574	0.8552930091798315	0.810273043438792	0.7430334309756761	0.6820582069635387	0.8451980373442178	0.8378019029319281	0.7569023875117299	0.8596385409146546	0.8769313895896085	0.9077631465286032	0.8643261502206336	0.8683717983841894	0.8571600012362003	0.8835269061848534	0.8469231783181429	0.6571790398836136	0.8466193741947413	0.7717763797611006	0.8466230439156293	0.8523745603680627	0.9113054572999495	0.7970423633903257	0.6753042411834009	0.856788905856013	0.8565066555798044	0.8377757172584549	0.8301135378092523	0.8964018341183662	0.8551182282477621	0.8841233969897033	0.842590667927266	0.8564951687768096	0.8534568440526723	0.8580836143404247	0.8569717531710858
0.7989238098867241	0.8385016883432864	0.8239124519616362	0.7720252815365792	0.8466103741079565	0.8439336095690732	0.8396182932607823	0.7524291890472166	0.814583878174425	0.8110841604739439	0.8063658762127155	0.8645545217812047	0.8243222850620758	0.7977845652550467	0.8378410864651195	0.8337606097713121	0.8563830756038425	0.8390800653249033	0.6140469033181669	0.523548231592774	0.6337139183461661	0.8156287485808139	0.8216493386209013	0.828594191230834	0.8113122689768669	0.621873253431917	0.7350227993756528	0.8372331381917004	0.8358069548845287	0.860636602678894	0.7132758436858648	0.8700523538976898	0.8570905405074362	0.835793223357201	0.8370954793095595	0.7258509820729504	0.8215995822489274	0.8291074810326089	0.8195784261345872	0.6259453394263986	0.7713065680265445	0.7893043454050997	0.845356815129518	0.8209900822937483	0.8470004383027546	0.7869111951310183	0.8443457515656966	0.7984326265245683	0.8580901287764326	0.8555819292873141	0.7346253604114048	0.8107745404452081	0.8252584769189362	0.8124803041607143	0.8165267736464739	0.8309693354934461	0.8279001699328435	0.8181573694884781	0.8299696185141802	0.8564167653143405	0.8227070074111225	0.8137749218404289	0.8098484436064967	0.8598620182931423	0.8062880205824966	0.8355135481417174	0.7993565209150302	0.8455463317811495	0.8336030412435532	0.8350223680689927	0.7611522719234223	0.8300106511116031	0.8183732534199953	0.7906131895035498	0.8180262802183631	0.854607259246706	0.8580089935958387	0.8011311811119326	0.7081158189028499	0.8136135343849655	0.8659656368464234	0.8335156663194303	0.8607722518920897	0.8592218824774025	0.8205589121371505	0.8604709182284777	0.7106979487657543	0.8192766392886641	0.8088821670919651	0.8338077883645894	0.5349073381438854	0.7471705849647526	0.7956605785191061	0.8347158888727434	0.8371934622675182	0.8213393046259876	0.8287371954888111	0.8022467474997032	0.8184119773477312	0.8387766452312471
0.7259205665916202	0.8397333926215771	0.8128848877698185	0.8361810166731478	0.6563793963491911	0.6413967888727793	0.8346386059321463	0.8250116457641128	0.7451344688594345	0.5226793042853478	0.832681949026883	0.47267411324530806	0.8715508499771359	0.7543674032598745	0.8106008588999516	0.840119327825309	0.7673023672729735	0.833406057047845	0.6303475847855204	0.738570355023443	0.8819462355077275	0.7538992908775809	0.8440017357408994	0.7157768104791637	0.8464984111249441	0.8428522831365466	0.7775338188327839	0.8448168909743426	0.849038485449554	0.8175672363564361	0.8209741104602812	0.7610216794639831	0.6517152509629734	0.8174276214584707	0.8262941149055962	0.8312568546116357	0.8166115390345458	0.85714326953292	0.7452603876166055	0.8394930116117001	0.8421639893554148	0.7395325896471738	0.7933030037179597	0.8483777698218827	0.7560647877693166	0.6306123906910415	0.8395416972637175	0.8230343705534934	0.8104768165379754	0.7340204960763446	0.8178749226585041	0.818006370234489	0.840754334893823	0.8359285759508601	0.7679656640231614	0.7406323201939463	0.718618299075961	0.8142005635738374	0.85135349742174	0.7175218851298101	0.7510658946126696	0.7578085349351162	0.8689715396657588	0.735172958937288	0.21063757526650972	0.7167890263140213	0.7426819358825678	0.5230829639047384	0.713576961143315	0.7954373964235185	0.615252575798333	0.8424295148700475	0.7545631498008961	0.84943302309215	0.7463195599406961	0.3601132088705893	0.8509829611897465	0.820208247035742	0.8445762747287748	0.7401640329048036	0.8527321665257228	0.8436464808508755	0.6168459985733035	0.8742340325728057	0.7511970260053864	0.8095752606660138	0.7756294447943569	0.8290282215952874	0.83870675051883	0.6442802695117886	0.8627383471101531	0.720448300880194	0.856033372288943	0.7219590275779367	0.8279848375290628	0.5432994245558974	0.7182946819096814	0.7149519842639581	0.6180307471066715	0.821596012675761
0.8275512037530551	0.8176770709916955	0.7395177342861906	0.868204172727467	0.8420847792893652	0.7048069723844526	0.6262401208370922	0.7320456523701557	0.8264727526158093	0.7546862494677308	0.806997099697589	0.8161254041299238	0.5252769309759144	0.8294886130839574	0.7266184088751676	0.8741893604785212	0.8349815902501342	0.8672743138253687	0.8637464903160939	0.8355344571426508	0.8472976661339409	0.8376219093143941	0.7551554629594092	0.8420223257660868	0.7261368956357246	0.8485794470429425	0.8242151089236149	0.8068943559259181	0.7955406296908862	0.7269897009760155	0.8200740004807723	0.8346968860447402	0.7905338826179503	0.7876463323831574	0.8383744849205019	0.6508722086548804	0.8595296713083987	0.7375428904563198	0.707383732055128	0.7959542512118819	0.740367861603945	0.6214649848617614	0.6285658180177212	0.7504471473813065	0.7076995430126785	0.7357949990004292	0.8473921250313529	0.7573652091912921	0.8354515141502035	0.747028901702167	0.8522797105759391	0.8417031956344841	0.8636178246170282	0.8335527270644911	0.5501380586817854	0.7361435451999309	0.6242541031554348	0.655260112848877	0.7296236117273577	0.8314200312614439	0.8381479542002085	0.8482570057779545	0.8027009754136196	0.8679186779439463	0.8032237067133193	0.8141083738058805	0.8352640182226895	0.8343741287767888	0.6301445000637322	0.6276690404430039	0.8403295700818305	0.7082095176011308	0.7983318361550579	0.7208556231260295	0.8551607403546587	0.7390732955425973	0.8951769191250221	0.8146815519154075	0.6840117594331507	0.8198617975384002	0.7451475966840985	0.8488970562130214	0.808163876363636	0.8456740293264392	0.6308875518292192	0.5186103607565168	0.8735082023270423	0.7159341518759731	0.8309684548377995	0.5975203837931146	0.8389313621833919	0.8281993029803038	0.7172179751217366	0.8377727513313297	0.8425155960172416	0.8117167955607181	0.6062387192934743	0.7601078373908994	0.6344908186644311	0.6329098951324819
0.8350535679012546	0.8242686749845756	0.8247008873715995	0.7302427113264799	0.7983275303602215	0.7019076693862685	0.7361253992572426	0.8463587699070567	0.7850443239852781	0.8449989321842789	0.8391928232133393	0.840333319704234	0.6768582007005803	0.8263402353346351	0.8272835152566431	0.8352782238662251	0.706386340233683	0.8457720923468475	0.7071801322191951	0.6432025303348897	0.7179945298552526	0.8331216788470742	0.8086416349306703	0.6208767249152071	0.8155446110799914	0.8085807667449108	0.810876479989291	0.8002388228967771	0.8148010291248556	0.8060553453356036	0.8140114742428054	0.824244909591972	0.8079765136152515	0.8058296545833363	0.8397360564164817	0.7363693366028365	0.6308622972518205	0.8119683053389197	0.8252895315349105	0.6276538872361184	0.7176450693130498	0.7330308478087176	0.8219172406375407	0.6182914094418284	0.8213596500515945	0.8305776688374586	0.6885490379333492	0.8191125565230843	0.8126860067695374	0.7173425375103949	0.8546905478894712	0.824365377403796	0.8220478290259843	0.8654545319497589	0.7190304208308458	0.8392674615100036	0.790191486176848	0.8053070339232692	0.7206987961053851	0.7946981468945725	0.8045908424090612	0.8461477233015007	0.5868062593042852	0.8285594727814201	0.8202185931041831	0.8191407102853056	0.7265174287557594	0.8222458508998166	0.8030651784598837	0.7205960448004304	0.8735953110426661	0.8303066205114144	0.8159657631337647	0.8400047301858674	0.7312951362282036	0.8132193467468022	0.8272322835043074	0.825835304650664	0.5955670982450242	0.7002214925274253	0.7146554165735841	0.7411285633355383	0.8342419105634101	0.7086666929200287	0.744046803827584	0.8280002085834748	0.5165464326202864	0.7786699351221326	0.7970737847179176	0.4756805998325346	0.8389029849395163	0.734910058239102	0.808447356356681	0.8742745715767162	0.7949308374494317	0.8158705125987542	0.8481013036608721	0.5846180434852831	0.8275216319963337	0.7997950505867597
0.8524722027689222	0.8308491929665205	0.8520671587109566	0.8446382528364655	0.8582830944031478	0.8188859926998626	0.5324617734253404	0.8653336503326894	0.6954735054939988	0.8356907740011805	0.8666181589357571	0.7653594864636662	0.9028783947438013	0.8555404035568227	0.7515053537674246	0.8517994719058284	0.8770862675547598	0.7644493701323875	0.8634751060098409	0.8681892490878708	0.7587973942995068	0.8723131542742243	0.7573244746714826	0.8714215795725586	0.747833451345564	0.8754403748840108	0.8568180444747214	0.6461351476460698	0.852459899798036	0.8602085048228514	0.6640628961980342	0.662742372301221	0.8158042752236119	0.6428746640831225	0.8260478807836774	0.5328320931673043	0.8513116763815285	0.6373291297316553	0.7380922205954787	0.6435523361057038	0.6538634171664715	0.8651125483870515	0.8375893791973601	0.8352510498642927	0.7555840202391142	0.7422858479857443	0.7345835110992182	0.8677842097044004	0.8941407202064996	0.8819170818120239	0.7575427149593835	0.849370482745767	0.8482022645175461	0.7834988713890316	0.65247506878674	0.6368534768581384	0.7468409276187417	0.8698396125316629	0.8665233807504193	0.7595505483448507	0.8714292134493585	0.864749843259157	0.8584355687677858	0.727958013294637	0.7400346441298722	0.8588582819014804	0.8712080001086001	0.8453772682309144	0.8356327994227407	0.867655704757571	0.8532767361223693	0.843081095179171	0.8706518970295787	0.8428095931768409	0.7462116779506209	0.7515677738845349	0.8649240656614295	0.8564148701727385	0.8580910954713823	0.8335247514054187	0.8701185827702291	0.7704894049555058	0.8662242866754547	0.5403590668737887	0.765002987334132	0.8165272592633966	0.6537026971638202	0.8581775757163774	0.7390717919960619	0.6674992282390596	0.7434990243524319	0.6612792360961437	0.7681247835367915	0.8225037731237715	0.8549409772366288	0.8365204515308144	0.6396835287630552	0.8664142561137688	0.8871589064925909	0.8727696983218194
0.8511101289078602	0.5287896331787111	0.8230265293136242	0.8469840095728629	0.6424271422892801	0.8347186002135263	0.8498896919339901	0.7391680340632791	0.8725476903200168	0.8495456675708302	0.8449069752305758	0.8761824944287543	0.7329410439208142	0.6293154579713944	0.8623032629340888	0.7375092017769816	0.8652273101016877	0.8698655718356358	0.8348857007473703	0.7365395172029741	0.8564722904637457	0.8595575686335551	0.8473010418280965	0.8542401897460218	0.8360700000487277	0.8333690042063594	0.8711619796425116	0.836101179319619	0.7530998718798166	0.7394884543389089	0.8475261143535381	0.5424078127443783	0.8748638449132436	0.7446850254423919	0.8730865368038423	0.7526374118685726	0.7719920754686	0.8257215321466322	0.9036219761878242	0.7224264167562131	0.8403320502497255	0.7319487080991268	0.5479953681021927	0.7768281591981643	0.877442004202307	0.8422112481266258	0.8429231777951125	0.8312748503446602	0.7510519804865121	0.7588317940086136	0.8396803905010225	0.8418707604914888	0.8319037194579844	0.8489563848167656	0.8333353663831946	0.6973377793930488	0.7346416057378048	0.7531687625735995	0.8586353365063679	0.42417589745819634	0.7350685219913727	0.856676814436913	0.8130537279099235	0.7696937533110391	0.8178145038589842	0.7509038828223942	0.8437766034662735	0.8561794787719842	0.8785666112393131	0.7341247948214406	0.8754217666596171	0.538141246125101	0.8551019678011543	0.6402516854703417	0.8794668792158362	0.7509487385541206	0.736268128737808	0.7159471873775127	0.6259052155137058	0.8488271948307767	0.8555022709965698	0.7742053299576029	0.7234808132827291	0.8292448640078304	0.6346511876629664	0.8482339301437144	0.861295460270345	0.7552544073909513	0.8140185735333723	0.7519173402935254	0.6911353831849993	0.8429672753542645	0.8445498257368798	0.8446493098434058	0.7437131323069328	0.6458563783675442	0.8212158701062212	0.822412920825184	0.8299793067231775	0.8376282107889663
0.49452213337048817	0.7585760331541309	0.8548322309494016	0.8216559244483721	0.8290386824145907	0.830461597786843	0.8327126416265964	0.8486685108825555	0.8510867055654531	0.83867312784046	0.7268727798104277	0.6039686859607704	0.8511184131026273	0.6654809924811125	0.7198377893984306	0.8523661127850415	0.842494270205498	0.7390232292115684	0.8182289971500633	0.8520463259279729	0.764480455669761	0.862908473101258	0.6195101499259467	0.8419196343734863	0.8277445072621109	0.8595899805903439	0.8535868074387309	0.7159909567937252	0.8393444256871943	0.809221605452895	0.8339906063660986	0.7948747495718315	0.7308226972699163	0.7790593534350395	0.7165603626251217	0.8485436719685805	0.7376739221498373	0.8211940760225065	0.8481904869802301	0.8037668012052773	0.7532738255426285	0.6307570895999673	0.8239453157395126	0.7334505682528023	0.736323123046756	0.7306649875998498	0.8197887378126378	0.5955964213222269	0.8408700388088809	0.6249711861521008	0.8320001375555998	0.846793408851326	0.8021905152827501	0.8167903196871287	0.7177372579760846	0.8486162135690452	0.8485682370841504	0.7135889773339041	0.51333786561191	0.8442279170103374	0.8432147534400216	0.8428360004022726	0.8402515608608736	0.83017799498737	0.8658050649084151	0.7309682243496187	0.7258228255629537	0.8279608140826223	0.5219280470907691	0.8412647312015282	0.8182826376169915	0.7356874289423229	0.8450373758465061	0.8462105165727443	0.7233368510931729	0.8481777476295823	0.8296348019063482	0.6189517581135033	0.746046502822638	0.642538682198524	0.8182978317305444	0.6007314624264835	0.8441501037359239	0.8306349284410474	0.7242269877076151	0.7029152093991633	0.6362023198425761	0.6199320316553114	0.8523982345044617	0.7308531215086579	0.7673841512382029	0.8085791745513682	0.8594577644512067	0.824435512626917	0.5193647931665178	0.8588123261868957	0.8503262218594547	0.8417482427790762	0.820825588741898	0.8402547837734221
0.7860878963559869	0.8640802752971655	0.8405807281225925	0.8397770194470894	0.7627672321647404	0.854579172715543	0.8374023571521042	0.881484021446109	0.8816689292192467	0.7628921857088804	0.8499937726557272	0.8159836461871868	0.7745743108659988	0.65689880169481	0.8297098961293694	0.824108575395495	0.8032382096357659	0.724749890364708	0.8517438409775495	0.8870205996274951	0.7147689000070097	0.8405840021580461	0.8075108439207074	0.8603141105800868	0.8583250117540366	0.7593546463340517	0.8661325756847856	0.8289284932643176	0.5119248082533477	0.8436943389236943	0.615117912188172	0.8624682551577693	0.8608504623763258	0.8155330737978218	0.8573452286154041	0.6954825072981423	0.8592654235363013	0.8172926353871823	0.8251527370184649	0.8153581307575114	0.7860944802135228	0.671958270269633	0.8563382110156125	0.8516984511911869	0.8322562829166654	0.6251436650842424	0.8469985572397705	0.7546529430747041	0.8586327054649594	0.8229210273295647	0.7791125946134326	0.8572875235009935	0.771690923869611	0.8408538603603849	0.8729497622936978	0.8457172944866129	0.826163485640287	0.8121573002994049	0.8481644079267979	0.7336193285942078	0.8412751760244374	0.8250881077140563	0.8814601241677995	0.8545821027666328	0.8445715289920569	0.8511835962086911	0.8403374313294883	0.43584638915657997	0.8492889204144483	0.7379177696496239	0.7423514196574691	0.8461639762312171	0.750490685021878	0.8406990700095884	0.8312416138201953	0.7700748862683775	0.8339276065856212	0.8048207387238739	0.8288959533572193	0.8633557712256897	0.8620312957882877	0.8450576386839156	0.8596920773759494	0.7468930581659079	0.5438081919223077	0.8477693208783867	0.8211721567749983	0.8073135956823834	0.7228900917559853	0.8422533488124619	0.7217414288118477	0.6511820834100245	0.8448072585493325	0.8347061146706348	0.8478433297395713	0.8458720621608188	0.8721828598171478	0.8753600101619968	0.8449755465418093	0.8705935342222453
0.8227415927767745	0.8554234534531837	0.6445611810743807	0.8328929369002591	0.8723767658293246	0.8535443038344379	0.8653260651260621	0.8076036314904691	0.8942847238138334	0.8510780136942873	0.8732230752214791	0.7336956148654219	0.8437176022589206	0.865364384603501	0.7534415544301272	0.7614302714370195	0.8873175416655843	0.8575637788355356	0.8262505446627726	0.6578373724341385	0.8447536378219733	0.8459745367228986	0.8776480790637422	0.6220654875516884	0.8679880060806876	0.8938225743860018	0.7382424721404919	0.8708661750808374	0.8604198124200108	0.8018853688850995	0.8223338004030293	0.8819985100917517	0.85126670793891	0.9004293355375534	0.869382789000868	0.8298261666342628	0.847358962479234	0.8800392566379158	0.8601594653423884	0.8514914145126949	0.8571675935104496	0.8445526721954344	0.6514091862484814	0.8428167051643141	0.861888363489509	0.8622060918202624	0.8266946570694436	0.8552618710070837	0.8686720473498115	0.8245628878280524	0.7511454903244957	0.8320165378302335	0.8250584550231707	0.8647798881113521	0.8631027667254216	0.8309129267573345	0.7677837166279555	0.841745399606228	0.8638312271416194	0.8809860293149955	0.8370778299182658	0.8529488580703749	0.7748635820537808	0.860461251610518	0.8641604892671105	0.8493930905610338	0.8643045013576744	0.8371862011879676	0.8675271594524385	0.85961113718152	0.887695342403651	0.7754252968773238	0.5808338898910216	0.714754570350051	0.8430921002715831	0.8316612834960232	0.8456235485166308	0.8437508957088	0.817569312003255	0.7683018518209459	0.7877472295567396	0.8210786676958205	0.6601730703383674	0.8654225743949412	0.8660937379419811	0.8577024985715743	0.7327506552606825	0.8918826811030518	0.8735095057845105	0.832501281129569	0.8513838060185318	0.8580498452857132	0.8362221050884584	0.6700425241716214	0.776153221692145	0.864668753853441	0.7293427094966185	0.754753980228305	0.7244068444430835	0.8139581667661664
0.6724618850320577	0.8503527776211505	0.8638824554175136	0.5377200169652697	0.7463112881995743	0.7439702353328462	0.8510358851790429	0.861813674768805	0.7588944197386509	0.7392543097861114	0.8329737997680918	0.8661771076396123	0.7828390581637623	0.8825382548630235	0.8447086807787404	0.8990531734317546	0.8522904381990439	0.6522980343848472	0.6691317759789528	0.8562996633969239	0.854186494114995	0.8749808622568861	0.6599259346097706	0.8920690590798873	0.877914430952072	0.8513645699858661	0.7695898638933903	0.8713553459316487	0.7442654710322608	0.829300237433612	0.863035245096684	0.8705960541725166	0.8364974772542704	0.7832388018950833	0.8777335158079864	0.8606609717905517	0.8773634639054525	0.7496870472446102	0.8634759751707324	0.6777611345902077	0.8546021740183247	0.8468881947860118	0.8489390791773805	0.8688539039447905	0.8366233374744657	0.8732955529659998	0.8504185485392808	0.8527630289182069	0.7734883718878034	0.881100400537252	0.8768345619589099	0.8479550182193509	0.84071500435546	0.7834464755237096	0.6550948101669549	0.648385275895893	0.8485846134483809	0.7549987032413485	0.672893032048643	0.7267601006686675	0.8198933210097245	0.8879405332744116	0.7437652857989072	0.8520372415840628	0.7418577421531077	0.6638152078762655	0.86657228411585	0.8766105217888944	0.9058367163762452	0.7790363896310333	0.7678972394749528	0.6575273265864706	0.8713345163516703	0.8253786747813221	0.653210234870018	0.7839126497507093	0.8531688040167101	0.6569771890044215	0.8728748414933678	0.855750549906493	0.9061966233253483	0.654623538699747	0.8524984527267517	0.8541489007592208	0.8597356251239779	0.8667620008900758	0.9000912999629974	0.8383010233581076	0.7767538025051355	0.7501131274342534	0.7657444552183155	0.8823188513889899	0.9086463823884731	0.7755489835083479	0.7636626593440772	0.872800286003946	0.6363317684948442	0.8741143768161539	0.8848113584354527	0.8989092679947618
0.8508238728567957	0.7838300192281615	0.8388974241141232	0.8545956590235237	0.813782688190043	0.7326459522724146	0.8264027591109279	0.8647115563005199	0.8443940857648852	0.8349133819773795	0.8387137116126714	0.8082976807713508	0.8556867524728173	0.8349844638049612	0.7920149619325996	0.8377376717358839	0.8529235361009831	0.8309328815191981	0.8182801946073771	0.8606011882603163	0.8556537967979915	0.659433481144906	0.8309014703541981	0.8056049331039186	0.8303613990515478	0.8238967750966546	0.7394066156223411	0.7578457935720687	0.801195089849831	0.8161661008849737	0.6975117681771521	0.8079687205195429	0.6363460914283997	0.8377099778279665	0.7512169194817561	0.863918625144287	0.8252394016921513	0.8272693770051015	0.797602925176919	0.691173828701675	0.8616032054543499	0.8502816410392531	0.8578171354502437	0.847239215566217	0.8467156789407144	0.847317502045631	0.84597392231524	0.8392561885058883	0.8476847063630812	0.8045446200668818	0.823339451791346	0.7272107448078697	0.6417267110347749	0.8179081490531558	0.8299760292634374	0.7351583716332917	0.8045020905047665	0.8542722812384371	0.8125973136827347	0.8410233000569046	0.8311800222665069	0.8155210690483452	0.8437618656218046	0.8433535827025769	0.8458732689969247	0.8080843467183404	0.7907058598116042	0.8418600142300137	0.8383185898050669	0.8321357499584561	0.8591869260720923	0.6283006920233375	0.8469594837181268	0.7050809069111938	0.8320007155060775	0.8559925370186567	0.7329241992056373	0.8337093573555354	0.7310401297628883	0.8290659528285267	0.7048230397552254	0.7375500631332407	0.8278624935686595	0.7481496028855436	0.7624609769748522	0.7526067282900208	0.8442696038931615	0.8342111918151374	0.8528758081018916	0.8312726227745406	0.8284416917815814	0.6204093360453837	0.8298585758194339	0.8416045278891924	0.6080493262916794	0.7205912444561721	0.8020118364162737	0.8157142005085951	0.754999498356878	0.8519470929801457
