0.6776701185286044	0.21284821959733957	0.6583730753511188	0.8063008033208556	0.8649129267275344	0.803372155046463	-0.007993632939457821	0.1749070652633904	1.0029742642253634	0.7987902754753822	0.9391480862423784	-0.10840800072252768	1.0252205418288705	0.7163809000313294	0.8405717979282141	0.7249220789343123	0.5019475325345987	0.6197987256318334	0.9471822991847992	0.36920009390413755	0.600376770564915	0.5137228053107857	0.8195960605382926	0.7963233456954358	0.4040634889930481	0.7288718736737949	0.7969800485551347	0.02788179293721885	0.5585178323268898	0.10629294805824736	0.8806234883815055	0.8092198322355735	0.8507104071438298	0.5033689620867362	0.8357961729615931	0.9770204089969396	0.8207037627518179	0.8590256182402372	0.5701570425420993	0.8903226477801778	0.9594989567816274	0.6854150618404141	0.07277655315399126	0.7869027358174319	0.07543085649013491	0.682031314796209	0.8249030755013221	0.5879609357029192	0.8418245849072947	0.9860135390788302	0.898664396047592	0.721934956142305	0.5430876078594478	0.8374048247605557	0.6380592673838144	0.5838737422168251	0.7075569766014819	0.8211408991098412	0.3801251105666164	0.686111938586832	0.9255084005743275	0.7206827034413805	0.82931753052473	0.868482034392656	0.2848599206387994	0.702002881669999	0.9950240822434421	0.7156046712934973	0.9158497413098812	0.6436511431157597	0.9065051714003083	1.1302240986287582	0.6352756401598445	-0.11420850598812145	0.5861412713676694	0.44748399745523904	0.7000263947308066	0.8056980795234457	0.7414987608104945	0.9651714562073352	0.6206632498085498	0.8416466679818925	0.7888010920047764	-1.7344052393615268	0.013170824134349609	0.8269598059236997	0.9860527090787896	0.6799053146302703	0.6670493237167597	0.754916164972261	0.79797770064175	0.050964689081907114	0.7377777063459159	0.8471861777752634	0.5280020029604432	0.7511307687401773	0.7774120034605261	1.0151288705021144	0.7535258232265707	0.6536479129761452
0.37275248641967745	0.6792943210244181	0.558332312208413	0.666156639367342	-0.22267813876569295	0.19183575131595104	0.4237562925070528	0.39077460267543784	0.5310954134136435	0.3520687828719614	0.5242078512370587	0.19253662723302759	0.4242720464408397	0.6187055041939024	0.7735741450965401	0.41593575557768375	0.30593268992304795	0.7048886549085376	0.7978649654269234	0.5358388034820558	0.56028089415431	0.7007763381630187	0.5333706192195418	0.7402711121290918	0.4181856452941891	0.5202027580738067	0.5919500966548914	0.6435415232926612	0.7276077626347552	0.8810073486477138	0.7948956188648943	-0.07785587024837731	0.2977587321549651	0.464580192402005	0.5251070517733688	0.5090494907617568	0.660552188771964	0.6603191355645655	0.18230007424950606	0.6349633071452384	0.5872817826628687	0.6237599259972572	0.6955718126773849	0.5092324657943096	0.8299110819146033	0.2897885312259193	0.6250646451026193	0.37432039493918434	0.5806684454530473	-0.6314351844012729	0.8933184241175641	0.6207202274590725	0.6757483258992439	0.6217162946105002	0.4194616153150792	0.484327549540996	0.6665327099531885	0.43572280665039964	0.4435718344002969	0.2781937670409676	0.5884794640898704	0.36459957507848695	0.7107730304181575	0.41415028125643744	0.3220655774593349	0.6183148678123956	0.5896486566811796	0.7017542282402518	0.6114209436506032	0.5275794187933208	0.6993086204797033	0.6983073957227175	0.28674619913697225	0.48339270925521827	0.774411105653644	0.19710710051655722	0.5332997668534522	0.2553257059738036	0.42887862526774434	0.3779168667480348	0.6452285370498902	0.4214738457322118	0.32425528147518684	0.7587189433902516	0.5781744104474779	0.5636418038412921	-0.3258155723243956	0.4150077257156368	0.5401400406450041	0.7593178125828509	0.26460624929666515	0.7710271420836449	0.7021335848212236	0.6858571333408371	0.4835282083839176	0.5249420928418629	0.5587993699371808	0.3208485828131437	0.6361454574078317	0.7534660418689251
0.6956546880573036	0.854767925259471	0.3794588808953761	0.8826962080225349	0.8147536020487544	0.7046278521269551	0.7870020022064455	0.8378309350222345	0.9295156595885752	0.5378807269066569	0.6186775452077388	0.8788320901215072	0.9159863857328898	0.6784726070702066	0.6884937263131137	0.5765011139094824	0.8256051096051922	0.9433677870988845	0.5726025403916838	0.8109313830710951	0.5961414804935451	0.7011721201658245	0.8290535442851481	0.6231388513267047	0.7805494548559201	0.8601418489873413	0.5949337080299859	0.8496696657717226	0.7348994437277312	0.5730944420784709	0.6550240631878378	0.8239807717114693	0.6455717451989643	0.9235000475168237	0.7685495616883039	0.8887031023651365	0.7302565777868031	0.9627093053042902	0.6742760057717561	0.9874679436236616	0.8189004700303076	0.8734616135507822	0.8781620822459473	0.9547565431416029	0.8958151396751398	0.928864369508625	0.8814849356979134	0.7682604131370775	0.9522266562342646	0.7363236847281457	0.9069275695413348	0.9808212918967023	0.6246935721218579	0.8724855935543787	0.6657987686455253	0.6723902469038974	0.7883586179062723	0.7456434538275005	0.4996429695874459	0.6603710549056528	0.7308048945590853	0.8103982015758757	0.6531383439719689	0.6879211400151253	0.5423411939680582	0.7866941503584379	0.362312267541885	0.9510495148569341	0.8292421140432354	0.7181337330788382	0.9448850382566449	0.7910467608392232	0.8710965058714156	0.5876306813806302	0.6770472954601044	0.6204302961260075	0.8276559246778504	0.7223103828489779	0.5046473780065778	0.8111715167134999	0.4274837915539734	0.9006887075066572	0.7444759729117153	0.6664354264527557	0.8049707090616236	0.7129551892638202	0.6538273974567645	0.5155283378481869	0.9796268911570328	0.8693332507133471	0.6522708713322878	0.769069059485198	0.9235446738004687	0.6973676627054801	0.8640589156359427	0.7157516746029268	0.8776189279913897	0.8711826536595833	0.5806955456070604	0.8670481468677517
0.36741323150992417	0.6175235151708122	0.6404064197480669	0.6376834907829763	0.9768186804950242	0.6256508489221324	1.010022512698174	0.6218469672918316	0.21764023551046868	0.5527661330789324	0.8886286436647178	0.9771801647424695	0.6764443795338267	0.6974842686414717	0.7487325203552846	0.8263999817729003	0.5568486309558145	0.7720029922068119	0.7538557166665799	0.6282895685747264	1.0411780776642259	0.9099529537260537	0.5676804542034861	0.912327435988186	-0.07715570244789172	0.22211828330457228	0.8899594230234622	0.9513320636153219	0.7810925551593293	0.7363945022568115	0.8827179686039687	0.585447163067013	0.8880311336010699	0.11690175714790853	0.8417592075228678	0.8002855583786973	0.6769880694359531	0.45779842613339383	0.6189346035718922	0.7172069513693448	0.9473305735170847	0.7469091343343256	0.7624597391396761	1.0394279015392074	0.818316935876012	0.8808585042297847	0.7173089514642951	0.5066827917426827	0.9100823020502925	0.8453691134870038	0.7335568599820133	0.7849438621163367	0.45543981931507643	0.5897731714427467	0.38090489895641777	0.8230504011273381	0.9842692018866537	0.7510265850841996	0.7606064119413484	0.6849808638215056	0.7716926804512743	0.7014434773504731	0.8505807187579577	0.6192111145079126	0.7700092410147198	0.9288101193904871	0.47938013739585866	0.8386417975246899	0.6947909761160613	0.08697064022421706	0.908110085260869	0.745246928700805	0.714816110867262	0.8530173565447332	0.890192043364049	0.7881061511367552	0.9979655092373492	0.8611809289455414	0.2263597150862214	0.854135965359211	0.9172023952767253	0.5792956323057418	0.9795830955564969	0.8955046788573254	0.7437119885623453	0.6106285589396948	0.8476561088472613	0.720824627381563	0.9558280642300847	0.6597604464828968	0.3006011378377673	0.843143941876293	0.2567111690282819	0.9037186577141296	0.5349134983032943	0.5919290073394767	0.7250772918999191	0.9671114752739672	0.6381579787552354	0.6698363242089733
1.0030104612350463	0.771026454535127	0.9185305674076085	1.076592258486153	0.8613598773986102	0.9516673438310622	0.837302186372876	0.8671081060111513	0.9586323004245757	0.9797652453482152	0.9917903402090076	0.917498904126881	0.5988564475089304	0.8418697839707142	0.9379278938442477	0.9946644763648512	0.6991056423544878	1.0382458386749025	0.46846360453367164	1.0570891545712953	1.2482556465595962	1.1708552297949766	0.6757539238214489	0.6944324343860155	1.0903042087286705	0.7529176495283845	0.9534582334756863	0.8867108657956125	0.9500729436099522	1.051042308211326	1.1406151521921157	0.7899562085479509	1.0779369335353386	0.7701313855320213	1.162679408344626	0.8647234440982349	1.1528704008966693	1.0710136405617006	0.8961889673233028	0.9605963191002609	0.9516023132145404	0.9421637368798258	0.7305626140564666	0.8900825403466821	0.8676256969183689	0.7128567569315439	0.8001939427644014	0.910563419222832	0.7587843881338833	0.9632440401330594	0.8146472963988776	0.6862576400339605	1.0268187391221522	1.1473787514150164	0.921232883638144	0.8298461827024802	0.8572292771637433	1.0267195247232919	0.8909062290668488	0.8181957433432338	0.9018643607318386	0.7698256527215233	1.1354668556272982	1.0637069100141539	1.015354342865944	0.7757215187788011	0.8929062126234172	0.8176448898613459	0.8916390276789663	0.8656049652427434	0.5851514036536212	1.131140065020322	1.0742930759966374	0.6617993954807526	1.056032596343755	0.7738889290630819	0.8988354515641921	0.8393780664682378	0.9416174057900911	0.7796629363998762	1.0077649471998198	1.023911904525757	0.9804920907348398	0.6166909404456618	0.7995491597324617	1.0882466870963574	0.9824898668885231	0.6094926577091214	0.587564318181575	0.8920046405315399	0.8054075826972712	0.9756143493078641	0.9695902438431981	0.18558339247405525	0.7933749985516074	0.897961756500602	0.40604154361486355	0.06887536301463823	1.0086098280683167	0.8086058191537858
0.9329838078498843	0.8892711248785254	0.9171004643291238	0.7480607376158246	0.799302513352037	1.012071357178689	0.8314685858011238	0.9055166126072399	0.5550925887405868	0.6983109931513668	0.8546344388008126	1.0343484711050999	1.002642873042822	0.9545987601578241	0.854409622697531	0.987677654573321	0.9639579068154094	0.8618282007455824	0.927062083214521	0.7975766431778668	1.0565171892374754	1.0231934723347433	1.1697544634729606	1.1496138460516945	0.8313056655079125	1.0618218067854646	0.9779682501554477	1.0137848030775787	0.8431142689049246	1.0378959910511971	0.6628473313271994	1.0547179217547185	1.0247671393543483	1.0734576282203199	0.7774668879956	-0.07521373024582886	0.9914753419980409	1.0419578995525836	1.1101304132252934	0.9001299350529911	0.9389005233109003	0.9374285636574043	1.041708724480868	0.8622779344916347	0.9379196963995702	0.8506480301141724	0.7423279393523934	0.893816819000243	0.8467030928403135	0.9361107850790019	1.1072526387542478	0.7698963151663538	1.0817930192559966	0.9200250800788393	0.6842912879317997	1.1947574093163023	0.9980733894556771	1.0849295483559365	1.1294369167447083	0.714188179686666	0.6997198867857463	0.8731241517990822	0.9291688406638814	0.8086697748959065	0.3872976700857287	0.9098418687283986	0.7947647068589929	0.9114976333826776	1.0711203064113857	0.6666522098124026	0.8814958772659288	1.0853017420023678	0.7114618305563929	0.6539482894390821	1.06584763867855	0.684599441071599	0.996196375146509	1.0037231614723796	0.9801983591496961	1.0251274617999775	0.8061286767035729	0.86575395206809	0.6578516107499612	0.729699691930413	1.072313121762871	0.9250278756991026	1.1010218052536236	0.9302756328731769	0.8472957679718734	1.1674958291709419	0.8208644917570043	0.8473469766125085	0.5172935761481523	0.9118573682069779	0.7682456736773258	0.9448962424755084	0.9994709322690973	0.9668826076149948	0.45922586531639087	1.1079498697847112
0.9710047646045691	1.0173245971202856	0.9110590217202893	1.1596664350986479	1.0782054791122682	1.0632225163102138	1.0629746679544443	1.1359135945409526	0.99192840525508	0.9718132380723957	0.9457115229487424	1.0406495324879883	1.0381387382477512	1.1106923880755903	0.9525273257464174	1.014059737750889	1.0112841977953904	1.058803798013925	0.8725793265521532	0.9134378675490602	0.9097741407215586	1.1176099220752722	0.9454180066019298	1.2178014241546409	0.9485775379836561	1.087887206262352	0.7666900968492034	1.0269418315112586	0.9914475464701664	1.0711586173504604	0.9627421897470956	1.0885957983016965	1.0265431063413621	0.7531880847305055	1.1158738994508983	0.9618469135433436	1.0398700118243707	1.0448211788982151	1.0044981166422375	1.0062891252607096	0.9535413305282591	1.2435294321626422	1.0550717276513597	1.096170169062913	1.051681377306581	1.025630335626005	0.9341025462776411	1.0038962607383721	1.1317839513033603	0.9525211139738549	1.1646427427589887	0.8155237263500689	1.1225557887434972	1.0674420610785482	1.129913920998574	1.2638258671224127	1.0699976015776398	1.104855550646781	1.0529426623493434	1.0430186476975702	1.0686070085644714	0.7270589832127095	0.9492480746686455	0.9727514946162711	0.8441650610148901	1.136534563279151	1.084785054084658	0.9148802921772007	0.9985780802190316	1.0425028254926199	1.0971272308170794	1.0569641073465335	1.0998518799901011	1.087489288442583	0.8847071287184953	1.002302326861024	0.7731394705325361	0.9947925642073154	0.9430363928973681	1.0446375263929362	0.6241961976021532	0.9546533641040316	0.9490570381045332	0.9767924129217859	0.9229068480104218	0.9363433648020021	0.9986204310417182	1.0011145290672783	1.1867791233062746	0.5964029013574139	1.1700269769966594	0.8765295064926144	1.108522993510961	1.1328801982373007	1.0960521262705323	1.0890851629406222	0.8810359252095231	1.1622879323869955	1.0845534760326137	0.8275293211877345
0.9992617421865467	1.016914097288251	0.8985694927841419	1.0031392917528752	0.8780109518349177	0.6943090709805488	1.1190198113739505	0.9737917293488969	0.8991608790695669	0.9843016289889801	0.910341347807647	0.8285045495033257	1.0311156415820113	0.9585953304588788	1.0246821175068626	0.8839891762286434	0.9025698633670818	1.0884472029894574	1.1424003075808276	1.0169581649392836	1.019955418789387	0.9107512052386996	1.0488634438872337	1.025794079329073	0.9452377137213952	1.0222474808394908	0.8530918705910445	0.9829120578765873	0.7890755542874337	0.4065035546272993	0.7656196875035767	0.767482348126173	1.005365048617124	1.0413586151063439	1.147833604931833	0.8655495345801125	1.1257546304672958	1.1256080787360667	0.7666132351547478	0.7845128359109164	1.0900108396708958	1.0731866840779773	0.9239042107433084	0.8970719283342367	0.8334455948024987	0.8806758099019522	1.1189605948537582	1.0685580188632	1.069377091038226	0.9501930321007962	1.0711373452365387	1.0280248865097763	0.9646489836752403	0.9893971865050485	1.0408619039535507	1.0905287679851055	1.0371516168087722	1.0769490707397467	1.0618262345254423	1.0369393820911643	0.7433826520740986	0.18112394847869862	1.1250418961524984	0.9789799761831754	1.0076387389481074	1.0451992337703708	1.0104836901724328	1.112242757695913	0.7778604432359346	0.9824152932383112	1.0581796969056136	1.1251348452895877	0.9425111643463386	0.8332976445019247	0.870915337413548	0.895559105819464	1.0494447552889585	1.0630099051594735	0.946978859679401	1.0105870654493572	0.8753570291936403	0.9910476969569922	1.1233564455986038	1.1050569484561674	0.5773333796262744	0.9747312051206835	0.9824370037317267	1.0572236772269015	0.8104544629961241	0.9999150647908465	0.9125711105197648	0.9194990416258579	1.0753212965548034	0.9057730973303313	1.1002324232280252	1.0155398924440138	1.005958109903335	0.7853197243154058	1.0960413409888754	1.016656097909809
-8.537238013964897	-3.719380635058881	-4.616036228229107	-2.969526801392435	-8.567496388649932	-0.5213713202357293	-2.5194150288820243	-0.3222309451013807	-1.9511523107618078	-1.7469698626697052	-0.7896369199275969	-0.5766774390250443	-6.391787062659862	-8.273640293750168	-0.8748658050507307	-12.757804890263087	-3.2019466184675696	-8.255142623108629	-11.006507952040437	-5.513908378896126	-2.1382098641216767	-0.3679306332767009	-1.7803000982433563	-7.062216868157688	-6.922064036662879	-9.535268564638502	-5.097360359054799	-3.434212356993556	-6.345753892648223	-7.078721825030444	-5.5350567663460986	-7.979606537927695	-2.4797098782092344	-0.8158956009060144	-6.7812221893698	-1.3189945497632025	-7.28702629948556	-1.0541721721082937	-4.989643816530701	-1.487441575881838	-7.980349995240578	-0.5650159112215039	-2.745852608138319	-8.272249218554792	-8.530351803353426	-9.288178773725043	-5.549383167333902	-2.379310102662444	-7.762643441244963	-8.909159944847232	-1.0078996051937343	-0.5257988255709414	-5.851228023979074	-0.8224961574971671	-0.9005787748396396	-3.465175126767158	-2.27354407734275	-7.598049623313554	-3.8324069791570334	-1.241254682013393	-4.917727518045899	-0.7717208692550664	-5.7381969737857546	-1.6895806317090998	-6.78601513270735	-6.333302751728895	-3.8892796135127536	-5.702589738309376	-4.854652719798683	-11.564063141113518	-4.440970042501393	-8.461593299928312	-9.52078860843778	-4.909881055203079	-8.63331175704003	-3.3461381811097266	-5.768647997698176	-0.9960477809250358	-0.6075853130817414	-12.667253107166289	-2.4544807629734318	-0.5705835941910741	-7.456641112062331	-8.950144672134522	-9.4600838549763	-2.3821774898737678	-1.7836067799225475	-5.682998234406106	-3.4921087673187277	-10.990848966747516	-2.8674002820611015	-2.5139301265075815	-4.466028342753648	-10.79341209955217	-1.6596578356057414	-1.4600999437242717	-4.042425383736939	-6.183334576159713	-1.8126087144523872	-1.500908663925527
0.6507542760968211	0.47634966807663487	0.6716074046373361	0.5393706586390731	0.6418698038399226	0.5727498544722791	0.01397522822320381	0.6763332372888909	0.42547466625571223	0.238348200556636	0.6595010242253532	0.323920834682882	0.5353296802312135	0.3826799221992498	0.4618879693984989	0.6435935947418212	0.3580852310031649	0.691428776684404	0.5232203455537559	0.09835916829854248	0.7424510269761083	0.3979303818196059	0.6397842621088035	0.2652231318503617	0.6639198378860951	0.458923932091892	0.45092953615784637	0.5142021347820754	0.5317488220319154	0.6459788148820395	0.08277756552100192	0.5314433475628495	0.5454917590558523	0.6528934715449808	0.4223424660399558	0.5307576298430562	0.45300046029985014	0.5467037948310368	0.4955531214088198	0.1953535196244721	0.7606911318719397	0.5863983309149737	0.6868624174803492	0.6406785149276262	0.7047750012516967	-0.060371293309330984	0.6601543827354903	0.45344921112656583	0.32802626628875714	0.5920409597307453	0.5066838143229484	0.6035169203341006	0.5133881598293777	0.3044158784165977	0.3304424109160896	0.560230892235041	0.5840092146843677	0.33983584541827416	0.5045010603636503	0.48308200511336336	0.1483950468361376	0.2293951645314691	0.2951674338907005	0.4140042929932474	0.23793456592559792	0.7218265147805227	-0.13908196356147548	0.46341338282227473	0.4622394568368781	0.4799248237758876	0.544088595451414	0.44123280654400554	0.1721481842279433	0.6767436903715134	0.26460612061619776	0.6704042135775085	0.34090545242726755	0.6523274414360524	0.435258755719662	0.5766516137480735	-0.024552536314726224	0.5070175434291359	0.43481247453987576	0.30235766238868195	0.49374441977441336	0.49710489725470536	0.49272412038743546	0.8067910832688212	0.5921688222438101	0.008370949584245523	0.014238272672891216	0.7135016218513274	0.43151956668496133	0.3439613549515608	0.5745840047657492	0.6687448106050494	0.4945709992945187	0.5354405203446738	0.7631125027120116	0.4361115845680233
0.15168271533846833	-0.4191109453126789	-0.36581539402902136	0.23617908068299273	0.37417965782880774	0.26336000530123693	-0.9069722716867928	-0.9552776220738883	-1.5111088485002506	0.2161900079786778	-0.12089887610971937	-0.8052143890440459	-0.5974798191845423	0.39276804482936817	-5.472851362749933	0.43507148498296666	0.03735787238180613	-2.683056165581943	-0.10154133103489894	-6.07198845793009	-3.6311766228199005	-2.888053903663158	-0.20567511478364428	-1.2914956638067965	-1.2698937500000007	-0.9789636423707011	-0.8717392953991903	-3.066707358938455	0.14044219657182677	-1.9918046028226617	-0.06056010972261446	-2.2698975581049914	-0.09194924142956773	0.34676105389594974	0.12088454303741433	-1.4562341716438536	-2.873830846741795	0.1273667467057701	0.16451177662610997	-0.16107666152715694	-0.513987192666531	0.43837956304252146	-1.029482953412831	-0.04742726351022719	-0.14801953895091985	-1.4197293167591052	0.2359353827297687	0.2810108746659011	0.3233297791540623	-1.7964932215094573	-0.4875145707786085	0.3729924541741613	-0.05652428243458317	0.29057033237218843	-0.1586786589264872	-0.07367661012411089	0.04936991982758015	0.1895035776138303	0.3197804946959015	-2.716336691325903	-0.09029437609911008	0.44666689133048026	0.4045867436647422	-0.44459970150291955	-5.236050004357101	0.4600213461399076	-4.037399079018829	-0.10624970932602898	0.20617550477385513	-0.8716425219535827	-0.7772702625751495	-6.224504075926546	0.19774605137109755	0.39342249475717495	-0.27441861447393934	-0.324664411574602	-3.396031831443309	-2.304691920912261	0.10892543432712529	-4.713133183372013	-0.5143212391227492	-7.127178812080618	-0.09436917616128969	-0.08821429237723365	-0.04764129616469155	0.3189878681719303	0.30372434787452157	0.33727014586925463	-5.051392224615811	0.5163188354432586	-2.5128473082497753	0.3904405028283592	-1.3920452938497072	-0.06749199635684415	-1.660464411550759	-3.9917141204535973	-0.021810526835918567	0.39765030584484357	-0.13666454704999942	0.31432346615195256
0.39218013100624066	0.691568915337324	0.5556082354009146	0.11234886055588716	0.7005407451361416	0.4827879552721975	0.48565719009041725	0.6280082980394353	0.382738860812783	0.40302127265036153	0.7459889565959563	0.5730474137037999	0.4299234449744219	0.5441007184445857	0.20616761459708177	0.5299320797443393	0.26111484968960286	0.5252663632005461	0.5922112700492144	0.26270050016045554	0.5225063458859915	0.48835841053724344	0.45796525571644386	0.7437998999297629	0.4890344566702848	0.4974091319262981	0.4920828376770014	0.4010039855599402	0.6798314205456524	0.7950123810768127	0.598915098804235	0.6139856961071496	0.43663406350910655	0.5740737241685392	0.33429945037960956	0.5986036625385288	0.2772987892329689	0.5496743152558801	0.4704952657520765	0.4677466714560982	0.6355951790839435	0.5900971860527998	0.6435795295476912	0.5828809845864765	0.5549728876560919	0.628990625268221	0.6369864683002235	0.5020740929126741	0.46984700170755334	0.5498826177746053	0.5401199993371957	0.4646910907179119	0.6468225452303888	0.3251628775492307	0.516809405872226	0.5891822097003465	0.6036595494687559	0.37690130851864795	0.5817152286782867	0.5206456252515317	0.6286131629645827	0.41287642970085214	0.4822434524297708	0.44880242829322753	0.4885797084152702	0.6407579208195207	0.4324373474568121	0.712894031965732	0.6178240039110192	0.47624880463778974	0.674648560273646	0.02508894997835127	0.7311416034996512	0.38460665519237486	0.3365223619341848	0.6011887923806909	0.5133386945903303	0.7157251524418591	0.525760726100207	0.6045816128462557	0.4116185126394029	0.42742794986665245	0.6954118156611924	0.6714966316938396	0.4536398626476533	0.5152204339683053	0.3582464969277377	0.6500561301946631	0.032966924789547686	0.5831656348474334	0.6471652332663533	0.6902785274207582	0.43184406889975085	0.43753675820827476	0.7258831245392555	0.5066668555855753	0.530850413903594	0.6769130276955657	0.002465704300999386	0.795172945058346
0.5003662952899942	0.5314535485714668	0.4005349830210209	0.5575244424164292	0.5602367089912296	0.7466834399640564	0.6257991904675962	0.5231974566042421	0.7400168946504584	0.6218812509983773	0.6160318849802027	0.5741839700132614	0.6136184852600091	0.5004706089310357	0.5112700080096726	0.2094792146474122	0.0077617252945898834	0.5650949477791792	0.49846953640580133	0.5414358611673117	0.7928666654348376	0.5718988544553513	0.5735084361314772	0.7480958525091418	0.45700618381574765	0.4455221031844616	0.49493041197657595	0.4370605535835025	0.40627969287335913	0.7868832270562649	0.4861154755711557	0.6314252662897111	0.5913621507793657	0.6036886688202631	0.6027497281849385	0.5175302394002669	0.32375031196773096	0.8383621986597783	0.5676409883469337	0.6866145633816726	0.5202314140111217	0.43139401822090134	0.6358031591683629	0.14194677010178536	0.6103282398492095	0.4146056683003899	0.7122485543072221	0.7100836023867135	0.4349772300750016	0.5341036877155304	0.6380914325952524	0.5873684096425773	0.734188076257705	0.7871336611330512	0.44056489122509995	0.7084943048119559	0.6429459270671011	0.7069580374769858	0.5969336987316607	0.5707225335031754	0.6430400649815797	-0.26041288995742806	0.47240705302357716	0.4621256167590624	0.4571382347822194	0.4859844749808311	0.47027784230411096	0.7240840391196302	0.7191535780340443	0.811984531670808	0.7929023678541184	0.6969345410466188	0.6200773335233338	0.6512264710977672	0.659278413432837	0.39128238720297825	0.6797610724002123	0.7753915516942738	0.6540479134798058	0.5413858232498162	0.7600202584266664	0.5532518687516452	0.6257470886945729	0.7275046108841887	0.37154831673353944	0.7049956601291897	0.5712783124506473	0.3938650385171171	0.4214231376230721	0.39102306419014904	0.7134105221450324	0.8234475092716506	0.8013708375036713	0.6146690628886211	0.1340486618787046	0.6191645172715177	0.7169205867171292	0.7544889545112848	0.595915501013398	0.6619430187642571
0.703718246790766	0.8337322588145737	1.0370193192243564	0.8777219593226909	1.0592280628561983	1.0219885279059397	1.0740389975488178	0.9418536588370802	0.9317257326066491	0.6325540356963876	0.9428838886916624	0.7954430868476631	0.930660506445169	0.8649382610231643	0.644734019559622	0.9674298582985993	0.821897285175323	0.5542441941440113	0.631756595814227	1.0163484911113976	0.8725251507446166	0.7742605207502853	1.049315530025959	0.7337917370766392	0.8683912509292369	0.8988206898152837	0.9602535872429611	0.7329558259844784	0.9358840068459507	0.902350580862165	0.9194127402842047	0.976051318007707	0.8587386392772207	0.9171415325880049	0.8395338774710897	0.8980924931645395	1.024349582237006	0.567305094999448	0.8833409558802842	0.6723640557825564	0.7663725459635267	0.5014723213970658	0.8787042200893146	0.7582419654130931	0.8139537520468231	0.47396012699603934	0.40974849911928146	0.9498261184513573	0.6729346261262892	0.8053947190344335	0.6821648320570595	1.0224930977791538	0.8413159597277633	0.7949757719695564	0.9677803994655613	0.869676849138737	0.926306981056929	0.6992206856548793	0.7503457358121863	0.8366903576374054	0.7916373188972471	0.9099409365653994	0.885575015754997	0.864221527463198	0.7211798601448538	0.8960377980828279	0.6845041257604958	0.9792950099289423	0.8389998297572138	0.7108807854056348	1.0059723401725296	0.7665539167881014	0.8024906604021791	0.9679871345460407	1.0030615429878227	0.9958406009048234	1.08454379630685	0.8056841888427737	0.8354732541739935	0.6301691142350438	1.0418366132915018	0.9500448079347614	0.9405522134289143	0.7212915380984537	1.0449635275959976	0.7205660915613178	0.5938243020325898	0.8484633156448599	0.9052114959001553	0.7505855828940873	0.9013429088652123	1.0197963090956201	0.8515692472398292	0.6076376669764522	0.7530623500466339	0.8998574934363367	0.8717844618320469	0.87512109657824	0.6821438703715801	0.8194770693063737
0.9385756667315959	1.062451027059555	0.9555816047310836	0.8946654596019536	1.146640868780018	1.0614419077992436	1.158503081774711	1.0997042230129241	1.069310152888299	1.0547840731352558	0.8441649743050331	1.023747567605973	0.5514698914110662	1.086725864756108	0.6771395325839518	1.1607076815783972	0.6355086459100251	0.8778100217461595	0.9455567785233259	0.773711021125316	1.0406325302362456	0.950629470342398	0.9179985084950929	1.0596276261419053	1.0892999477446084	0.9533584070205682	1.08430182107091	0.9665720560491081	1.002904256349801	0.9132052683353432	0.8503557967185981	1.101760677886008	1.1606265530169018	0.8472279481351367	0.9625207828998565	0.8308667698711156	0.49148613746464287	1.056766170835496	0.9700489315569407	0.9764705101490024	1.1329760170876975	1.0786788844585429	1.116553138512373	0.9303784013003108	1.0492060360252855	0.8833780227363109	0.789716238987446	0.8390836480230105	1.1078416452765452	0.7520574417293063	1.007983397981525	0.9312087295174594	0.821643300062417	0.8300710449099543	0.834698758566379	0.9762680989101532	0.9780690238773837	1.011580592176317	1.108154028546812	0.9202234273940322	0.9283173102676877	1.0472364347696292	1.120129928970337	1.0012378652960052	0.7896698813259599	0.7879754915177829	0.8101180216759444	0.645606622281671	0.9064673555403973	0.8695462972491967	1.0413726307421913	1.0580944322347645	1.0028687315165994	1.0578737794756885	0.840983453267813	0.8870950017273445	1.0446223533302545	0.7563847564995297	1.139648494929075	0.4957949443131679	1.148671607226133	0.9334535384595395	1.0368856616228812	0.8672879474103449	0.9012673851490018	0.860544766515493	0.8279202434360983	0.8210991542071105	1.1413684391736978	0.9242055726647372	1.045959360328317	1.0758657073229567	0.7719477520495653	0.6930319438666109	0.6335782665356996	0.7842708151996137	0.7896037689924238	0.9146815211355686	0.8299706184864031	0.937758200263976
0.847975016781688	0.7460198915153745	0.7521960347116005	0.7177870381653312	0.7196796767413617	0.9023631713509543	0.7581984456479547	0.8347591283708805	0.7291382938683033	0.7834340986371043	0.8319162178009747	0.7799217201650139	0.9372983757138253	0.42949544711112914	0.8905673348307612	0.8472847245082265	0.7741001340210418	0.7992277224361894	0.7893769120693197	0.7814041687369345	0.7347277203381058	0.9295985426694161	0.8637002351105215	0.8931138437300917	0.7846520270049576	0.6132259650409225	0.7167346859872347	0.7877615364849566	0.8476284471869477	0.9273721919119365	1.1132233638763436	0.7410132577300073	0.6544283352226005	0.7987141674399358	0.7217879349470125	0.7775572749197485	1.0581088192105297	0.7466996226310725	0.6602117884784939	0.11605952144265157	0.6127704122960564	0.847081059032678	0.6042910880684846	0.9477018130928282	0.9289147825121888	1.05638865776956	0.4476405713379378	0.698561539885402	0.7641288619011627	0.8086426208555714	0.9951725984752168	0.4990975184500213	0.6165652816832061	0.7894681510746474	0.3943519689977169	0.873934826654196	0.8859002001345171	0.726940931534767	0.8105369900077593	0.8892271365910771	0.21304785544574267	0.9367901236057292	0.8602429870232949	1.0158251312553888	0.7284363084852697	0.7941914640843852	0.8375242076992985	0.8602909758746623	0.8692099446952345	0.9720836475551142	0.8560684578955173	0.851887326589227	0.7995432781577124	0.6915968017607923	0.6777922163188459	0.8540226560115816	0.8655210720151663	0.9499980693846932	0.8968905289828768	0.7907833217173825	0.9830491905406116	0.5023937375605109	1.0420963975161295	0.8694982078760868	0.9320576211571694	0.5751199841737737	0.8507776420295236	0.7773460413396351	0.5824655155420295	0.8814414547145378	0.8104519027173518	0.8204241641730076	0.8122060927331435	0.8395688570141797	0.3371680593743916	0.870354223844408	0.8359492568820704	0.3714860550418499	0.35032648047208725	0.9226604901850222
0.17857286610007245	0.9189231333613391	0.7431878221213812	0.59195336803794	0.6834766145944597	0.8496854407608513	0.6051672747969641	0.7120257204875353	0.5166893852621316	0.8213140818238266	0.6411592586606737	1.025287404131889	0.7804091538816695	0.6790678049743167	0.8867879193484789	0.9290362325370317	0.7650005049824709	0.3414018431246276	0.7466153261721135	0.7295490310549734	0.7035422776848084	0.4436399958699939	0.6905042267680178	0.5357784870058301	0.2937404423117634	0.6568276268064974	0.6775519874066113	0.914495571413636	0.7631270655095574	0.7457982261955738	0.7448963356792924	0.8470493003040545	0.6300204385757449	0.6574789177373049	0.765379555562139	0.5550540974259381	0.38006478118896514	0.6268430278778081	0.6442218874633333	0.1100210114628072	0.7650623645275836	0.6125591593623159	0.8106845005854957	0.7657727409571408	0.8722913167595863	0.8277589430868616	0.7769290253400791	0.7737291531443589	0.6678668432816861	0.8188526999533187	0.5346455328106873	0.5825813279628751	0.7747552736327054	0.383179478238523	0.920480165606737	0.7718453602671618	0.5978696590304371	-0.018938387942314554	0.7340552976608268	0.7968993375599391	0.7028850252434614	0.864256024634838	0.6773961492698638	0.8466212787330137	0.6641807836115364	0.7568993663251395	0.7479359209597107	0.6878695230424402	0.8172625969797385	0.7071838000953191	0.6350269102483995	0.7960614220619207	0.6769790125429628	0.6845679033458223	0.7165458707630642	0.8355201212584967	0.5575579153060911	0.8381523863911624	0.8358015128165481	0.673694391253591	0.5159843340694906	0.6836295503735542	0.7341614513874068	0.6891080452054733	0.8311339684516194	0.661054693460465	0.6300974786639213	0.7833316846132272	0.708327093300223	0.1885313141524791	0.3686451222658159	0.8300254827857012	0.48953590131700014	0.7987979029715059	0.6868245927155013	0.6014449499644342	0.7612690448582167	0.7873926406532528	0.6194827864170066	0.7207502743065363
0.7996611206039784	0.7774166437983515	0.9090022675275803	1.0105493259817355	0.7146086830958731	0.9597840286284689	0.9436874163925651	0.9936701629489658	0.9463808764919636	0.31006672802865515	0.7354271410405633	0.2508271291315555	0.8756925179123872	0.8220391618907457	0.8543715031802649	0.6762590071082116	0.7712085709422826	0.7360542093217386	0.8481236592680225	0.4572791105568412	1.0108587860792873	0.7803579336263231	0.9020521858304724	0.7773299509644507	0.8625141484588382	0.6236492992937558	0.8078810176432115	0.7845325149357324	0.9884874094367024	0.5762864536076787	0.9830556001186368	0.8650687890529648	0.9304227327108394	0.8878080554187293	0.927377999597787	0.6015755035400392	0.7971293413877479	0.568971652120352	0.8349006459712979	1.0554409329056744	0.8495678427189581	0.8869087941318745	0.7008297904014582	0.6490694388568407	0.8561195092082009	0.6722804099947203	0.6629498416602614	0.8749368985176089	0.8298006350368251	0.8163682647481563	0.5576972934663293	0.5510619827896354	0.7107981933981182	1.0443826993644227	0.3276812842160467	0.7193819619238384	0.5231005345642562	0.973109215825795	0.9045701182127001	0.5245308140903713	0.2678100328519945	0.7998489164404556	0.8224993802547457	1.037461843165755	0.7664040785670276	0.8966276669323457	0.8433781232297433	0.44894992794692523	0.5815766667693852	0.7658888235300783	0.9008572092413908	1.0009598991543054	0.6927768575847141	0.86930401366055	0.8369767695188525	0.9488024181306353	0.9567447182983161	0.9922293018162248	0.4843818792879585	0.9397259347945446	0.9807148713111884	0.6366797508224842	0.9403661021709454	0.8687153805017471	0.4299486050009725	0.8365596911519766	0.8924160342603907	0.9596026866376403	0.741525419181585	0.9417987467169752	0.6265269670605659	0.9636148560762398	0.9102008050709969	0.9936364666596045	0.7808922462686891	0.8616064259171503	0.5877726564407342	0.9409536378562441	0.8420506973192088	0.7085773048192258
1.0005013252623371	0.7238078189283615	0.8292638892143956	0.9538302605509772	1.1176475204169742	0.73528637315631	0.8028924210548406	1.0663016290396459	0.7620727310299862	0.7621447797447444	1.0336819553941499	0.9496287540316575	0.8496962522625922	0.9444053532898422	0.9255151163578037	0.8074514307811854	0.905879058423639	0.5593194744348524	0.7260627097129809	0.9293910964965821	1.0215637740850454	0.7737096766114233	0.8382604499220851	0.8945808922618644	0.9619493331238638	1.0024324359476564	0.8568128540098671	0.9391141894668341	0.7584438378050922	0.5593661517858503	0.5397398703217509	0.9412320175483836	0.967634234040229	0.7544535024285308	0.84920378330648	0.586450419768691	0.8156738769203417	0.4460109580725435	1.0620710625618714	0.700423569028079	0.889828543202578	0.906848700684309	0.9374048998266459	0.5778297296106809	0.916192380529642	0.7673229090645911	0.9148914785206317	0.7297141103386879	0.6609322590589518	0.836124174880981	0.8504432122290138	0.8404769203186029	0.8748855337023739	0.8428601958468556	0.8053484374910608	1.0959892977356902	0.8803484794169675	0.8896880041986714	0.99538824853897	0.9869284392535681	0.7414087668091056	0.5422290606051681	0.6075555569648745	0.8085766696184868	1.0292391812026498	0.14817279115319296	0.8928540638387199	1.119317776945233	0.8155279552906741	0.7681029427379381	0.7478078822612755	0.9570852272123097	0.8507704308271408	0.7173139881730081	0.5035415558993814	0.9898649414032693	0.9534490536704663	0.8373265861392019	0.8134490033924577	0.8504630559027192	0.9957210386812678	0.7383322639763363	0.8968733690381048	0.9782900454342366	0.9352136384427546	0.7808072514235977	0.8225994420319802	0.9778957518219928	0.9061021304786206	0.7817409610450269	1.0234588937520976	1.0212569314450026	0.30520076874196517	0.7886676119983194	1.0025686654686936	0.9172660819172853	1.161608739405871	0.9800686914920794	1.0588022988706833	1.0160980604887018
1.0580147573858507	0.988347191420197	1.0973911746770129	0.6947708724975583	1.2106843519598254	1.0514200469613078	1.0603581167221066	0.8924786896094683	0.9167353928208348	1.1083348285675036	1.0586836287677284	0.9001786736786367	0.7852700664281844	1.0353385660827166	1.1341516173154123	1.0297353550970547	0.9116492265582091	1.0145506582051522	0.8713837744146582	1.1337334936738006	0.7657540964722632	0.9239212269932033	0.8556491265032434	0.9374000975608829	0.6124867219328877	1.0536191668629649	1.1510508600562817	1.078216859294472	0.8867748257234703	1.0050517961516978	1.1059260878860941	0.9848584268853072	1.1056064359605315	0.8714018345892445	0.9725419950902475	1.0867496982663851	1.066292691242694	0.7780153658688076	1.2043714869737636	1.174810877698661	1.1052254018574947	0.7700660677403227	0.999807700788973	0.9287944907456634	1.1051071789741518	1.104528013370931	1.0208697755590077	1.1544016653329126	0.7918075915575029	0.9861562326699492	1.1980513508021837	1.0429014502048493	0.915524556662143	0.8583792705237859	0.9599703112393623	1.0721339380145065	1.142141505320369	0.6815814539611338	1.088909232792258	0.9978427308827642	1.1071025799036025	1.0157136705935002	0.9871742373079064	1.1672578317523008	0.9323781636163603	1.208463915085793	0.9711333905309438	1.0020828011363743	1.0251402323931467	1.1152927340894947	1.2206526135116826	1.0301661800265316	0.9887648380756376	1.1244056349039082	1.028187687066198	1.1963388368785377	0.7961400393307213	0.9294194236457348	0.9471142683207987	1.1386129634171724	1.1331056493595266	0.9979543493568888	1.059187244391441	1.0352370295956732	0.8880354222178478	0.873647428074479	0.42980569106936445	0.632707267016173	0.9779194308012725	1.0374153274208309	1.0415424466356626	0.8648720151215782	1.0743178980171684	0.897740029010176	0.7431081016004087	1.0479054463610058	0.8562026730000989	1.0903248797893514	0.9907208822250372	1.0903297270834422
0.7652095424354077	-0.44317549656927663	0.322445001511275	0.5656310408711431	0.6678398038774727	-0.06423500213921068	0.6669430074647074	0.3652836202323434	0.45632231154441866	0.25269154475331285	-0.9337954097270967	0.6729667057991026	0.7749082911014561	0.7209548751860858	0.44056476202011086	0.7468601711303002	0.7747438572049137	0.7472477461218837	0.7926344511300312	0.6429927992343907	0.7420743786752219	0.7144614330887783	0.8198345756590361	0.4957080601781603	0.4109958604127167	0.5498551698029042	0.7583328709751372	0.32900973731279387	0.6101344671308996	0.5953317643105984	0.5545565990775825	0.17714217466562932	0.5715617712527512	0.629972648951412	0.7472861357748515	0.7846878781795494	0.48359927832186267	0.7538933896690616	0.7840204127401114	0.6824522611308828	0.795579685083032	0.43324806253015974	0.8330373125284922	0.596092108392716	0.4332260700613261	0.020609226828813144	0.8958668138712655	0.4572044777877627	0.8077588927984238	0.15652831352055058	0.7168559629902251	0.420948173601925	0.6811409355908628	0.9172758592784398	0.7019963934510949	-0.9059535596460095	0.6563710440903899	0.46343858019709544	0.4676859864085913	0.7430534671753646	0.34969511850476276	0.776362292854486	0.8144772176057101	0.384290081936121	-0.1229923883497713	0.6393093306854363	0.25596186651587477	0.7401126142591247	-0.1640468325972557	0.3541066411912446	0.4982729258298868	0.6567962388515467	0.5512200187027461	0.6548345926433795	0.7250477028638126	0.38467344643473655	0.061470734798908064	-0.9808991138964894	0.2759789389371868	0.5588217897087334	0.7661337179780024	0.7162001917630431	0.46995600834786905	0.727805831962078	0.6984626684457065	-0.01748554406166138	0.37397105197906544	0.8841650634765629	0.7754853285312645	0.6382061056584114	0.8741231652706855	1.0006365836918352	0.78722907730341	0.5178217010289423	0.5894433768689626	0.9774562795192008	0.7493671554744243	0.716734654448927	0.6147818817406884	0.8107134417802107
0.8187382927328358	0.8616270336240527	0.789565142661333	0.6759784450381994	0.7787034578941765	0.9035317964553852	0.6272395741354676	0.7311684064686313	0.5289318037539722	0.7115110984832047	0.39583292450904833	0.5287422237202518	0.07250824258327473	0.31892562444210026	0.6110082269787783	0.1370305144876239	0.24970615814924266	0.7918534758806227	0.6663957670003182	0.5531930762887002	0.6487823600113386	0.7784011028051382	-0.5414048525094971	0.9454896547850213	0.4788393509060149	0.48777489879131325	0.6153456968605525	0.36348167581856244	0.534745381879806	0.8435278435647477	0.40476577346921017	0.9363606411993504	0.7293477453768246	0.5259981112688773	0.5407903712153435	0.7611568913355463	0.42168828836381506	0.6552932448089113	0.7932170176863674	0.6103335373818872	0.6738904253661634	0.6118131008058783	0.6928521101921804	0.7218870458975424	0.6063924217849964	0.630580663083493	0.4882172055795783	0.8279916426505889	0.37658180642128	0.8043870002269755	0.5976667920395737	0.29761188327670085	0.443040377801656	0.2745745902121061	0.7609516032874583	0.6430779401481154	0.5503150096595281	0.4319688668429857	0.8012852533258499	-0.2623981647163631	0.12376605850160084	0.7406876197516907	0.8178535497009753	0.1872819649308922	0.7105126609742649	0.6324871026977901	0.6156403702020651	0.7330748505622149	0.4692991908222438	0.7843364360570899	0.886018586617708	0.6941339542448518	0.5707062274992465	0.692755873191357	0.7562173384606837	0.3096653708100314	-0.05521760604679603	0.8162311616539962	0.9643517673224211	0.6841419532686474	0.4377828564196827	0.37458665751218767	0.9740808458447462	0.7349386366479104	0.5132043669238688	0.5846587280303239	0.6734793319642534	0.2944654567420484	0.7586779110640292	0.3485856065511704	0.6009035002827642	0.7529833444565535	0.3547779730580747	0.7896278058707712	0.37885023426264547	0.793268374761939	0.8964199925959109	0.8230148952215904	0.6408584315866244	0.37003181695342074
0.8972782980591062	0.0924944007784126	0.8890892454050486	1.0491448040008544	0.7854409319698812	0.8384702381998301	0.9616947735130787	0.9677441843986503	1.0363760274559248	0.526187032472342	0.6577092481955878	0.8742514629602439	0.9790306459635499	0.8997320056080824	0.6978729931950572	0.49821296645998925	0.789571860104799	0.6755927016064509	0.5894260224103927	0.9170533920705312	0.8466918324768544	0.536334089457989	0.8966020128548139	0.9199867330193517	0.7034637113153924	0.7713920487225059	0.776360070279241	0.7743046499997387	0.6468147669613359	0.8320446994215256	0.9514456726193432	0.6634801174849275	0.6648856264978644	0.90233225645721	1.042602707779406	0.850930217802524	0.8807901182353505	0.6388347844421869	0.877910152035951	0.9631175339341166	0.8298788504213096	0.43042487361133064	0.7403326473385093	0.9407940209537744	0.8602712350398305	0.8193219564318666	0.6902418895304201	-0.274367458667234	0.8914036363750695	0.48616171285212056	1.0137122021913527	0.9645396122097983	0.9613422945439813	0.9337995459794988	0.8340129928857088	0.7190345885783433	0.9058901482105255	0.9881410747230042	0.9393853099256754	0.7989019163787379	0.7917641402542591	0.9099186329841608	0.48798106508255107	0.6982992001794285	0.9768184693574913	0.6782307161033155	0.9793341278925535	0.6540832670927054	0.9329417949497694	0.8664765304505829	0.8374528052091592	0.5111944326013327	0.5801134612977502	0.5704772374123335	0.980925874054433	0.9188049821034062	0.6152586141526692	0.6230908680409195	0.5654043924689297	0.813916854116321	0.5015700991272916	0.8794980474710468	0.31522723747491865	0.9603300247788428	0.9494375030279156	0.6926355979144567	0.8107878460466875	0.9810204240858552	0.6749530327498908	0.886315333467723	0.8412353546828014	0.740987809965014	0.5957143615543831	0.2586819115929308	0.9057210076279938	0.8831294766038644	0.7864797415524727	0.7058246180638676	0.7765832590132945	0.39906287730932233
0.7965807082295421	0.8832583786427979	0.5193792767733327	0.7092519289881005	0.37016036535203556	0.277659482082725	1.0784361255481845	0.8243388154417272	0.8020237455844877	0.9544879993617531	0.7982782874926923	0.8336818578302856	0.744205652680993	0.90019635309577	0.6730244105100625	0.7134653524041171	1.0451991813927888	1.0294759348839526	0.8822759996533396	1.0240355345726007	0.7893318298190823	0.8275839081436385	0.6961157892256976	1.103391246730089	0.9787781099975107	0.9261066504716865	0.829181340014935	0.7021110198527566	0.7764689925968642	0.9367388965547081	0.8196868448615094	0.9761276967585076	1.1431970863878733	0.6881126576364033	1.0216169675707818	0.7542054381251336	0.4023986235573882	0.9316361835420133	0.8754190191507335	-0.34440436774790145	0.9712302270665764	0.9616827259719366	1.0798087202154103	0.51516566067636	0.8572781348407258	1.013341893416643	0.7834998404026032	0.9369221746742736	0.7762082822918887	0.7936835764110095	0.9345720801353453	0.13097103885114064	1.0265253647416832	0.9268914083898068	1.0516811225235458	0.5773306271657346	0.7043358650863181	0.9821743902921687	0.5639034291088574	0.7925033688306807	0.7937781094968328	0.5902406819969416	0.856400266551971	1.0071230580419297	0.7215426258683202	0.9025097455039636	0.829922598370909	0.9096861029565332	0.7515676590383046	0.8530443902045485	1.1250587429910908	0.9078482706397771	0.9113618455976239	0.4435851931750771	0.4417878562331199	0.8426501176625497	0.9858308727622035	0.7207223857671023	0.7576152103841302	1.00400921484232	0.8592813381671911	0.04965480263829203	0.7440977697134006	0.8970506809085608	0.8777355172634134	0.6745236827507615	1.0282591009370985	0.7192676808774471	0.9023251500964159	0.9049181278645997	0.7131601487651467	0.8244045466139899	0.8420781385630356	0.9855079610556369	0.6631665028512476	0.7255485180526968	0.4568469659581781	0.7289519492447378	0.6895719230234618	0.8787842963188888
0.8680961721416567	0.5131409478843213	0.7783557068735364	0.31765777060687533	0.2592306387096638	0.48782052663862707	0.6205014093548056	0.5293419419258824	0.7255665940135708	0.5132639677688478	0.6202936041966078	0.6368892648965121	0.007301377531885476	0.8232651261508458	0.7264896570831537	0.6886887732267374	0.6998972308397297	0.6236928159534932	0.43879994215369283	0.4055266825363038	0.5355392431303867	0.4110061863958834	0.8366863166928279	0.6511298789232962	0.6688204086452726	0.6270135942250483	0.37194098964259015	0.17568179268091882	0.06717629051208422	0.7635659046709534	0.4772731469094751	0.8393817120611662	0.6319836572796098	0.6506890197545298	0.5566673521339894	0.7250157349839818	0.6986156313538542	0.7829955619126553	0.750863373565674	0.6092853693544865	0.6258836307406417	0.7411150138795384	0.3330951103925705	0.7118443238854408	0.8749277044922117	0.4797345492124558	0.6492519810825579	-0.014279595935344112	0.7596309026800091	0.541165687319636	0.7725540911883121	0.6531303961709147	0.3168172965124247	0.7663531801611172	0.7373803563088184	-0.0009986385285852056	0.786937541308999	0.7898033006027346	0.7500835139513012	0.6967828643530604	0.6945246549457311	0.2342050408542152	0.6774528447449212	0.6420301925301547	0.8051391513824474	-2.7268216605164115	0.7153192425668241	0.44903278083801224	0.6069833586156365	0.7972024965614086	0.7013970883965509	-0.5827198985457426	0.7453988501131535	0.687133169278502	0.5755008646532893	0.6296245015345506	0.969687552961706	0.5925287877485157	0.9589349881500008	0.6918011851668352	0.7325786465704442	0.7427967100203041	0.6661370394378894	0.8216348560869698	0.4545601338714356	0.7524201798617839	0.6924028909265991	0.7686106200039383	0.679596890692413	0.7389070179730645	0.11548728544712052	0.7006742660760883	0.7085784490168091	0.8121236866369849	0.6889966223597528	0.42813701119571895	0.375709572672844	-0.14679031507670864	0.9150124156773088	-0.3619063637852674
0.8509648360893127	0.41806995377689543	0.8793608625411985	0.7907251000881186	0.606177908849716	0.6647770274341105	0.346495745971799	0.953682875205575	0.28443023258149647	0.8651631385087962	0.8898819404706362	0.8282041811630133	0.5177409918092198	0.30914581933617546	0.781495944589376	0.9993438084989794	0.40841541685461963	0.9942281875640154	0.3473605688273907	-0.05045197610445252	0.9111231400385502	0.5039463506419211	0.814743412423134	0.5637257460683582	0.8213001934885984	0.6855178486794236	0.7333971122771501	0.746825858008861	0.7806202315092089	0.7115937436014416	0.5757932736128578	0.5887148986876006	0.5407299277186393	0.5312234023392203	1.0675552864909175	0.4624734687745566	0.8017093959897746	0.8568105503022667	0.8287881066203099	0.8790889964625246	1.003832455587387	0.41370538710951754	0.7247420531183479	0.7535089966669678	1.0767845805615186	0.5180814101666215	0.8201368297636513	0.7559898919299235	0.3418845742464065	0.708262310966848	0.8274087373107676	0.7598872570678581	0.6204585613891472	-0.1767985684424643	0.32050759070813634	1.0503156293839213	-0.1505795554488899	0.6555555407226085	0.9512666381090888	0.9971135327935218	0.41987328331172474	0.692551002424955	0.8849060654729608	0.8021192341327663	0.9206199444413197	0.5733667670875784	0.6161211819767949	0.008416149634122596	0.6312438992738724	0.7450375757217399	1.0557764874547717	0.7142127956926829	0.595307693910598	0.6897672102689739	0.8775609766900532	0.6974595901891592	0.7348873232424258	0.7168456107854848	0.8502136545002476	0.8861534474968913	0.7034146220929915	0.551796496468782	0.5307397105157373	0.7308713023990389	0.40678277409970764	0.6506033715933567	0.6976786697790017	0.6844667010903352	0.6679828391402954	0.8580099016666414	0.5156846887469287	0.8108149861425158	0.5457254766643046	0.47176928913891336	0.6086847619026895	0.4640345415636899	0.18400411669313868	0.4357528053268786	0.6562784925132987	0.5041172645457085
0.4702555408507588	0.750364615678787	0.6662455986946819	0.8123863207727658	0.7383971814900625	0.8346256380259991	0.7310884887188683	0.8779997228801261	0.8144535280793899	0.6941114401668299	0.6890629350662237	0.7220961998999113	0.7470117507711052	0.31452073090151006	0.7154053899854425	0.8734026455849406	0.5120927708029747	0.7407522378325473	0.7016941594004631	0.7755373583108199	0.3849187008380891	0.7855272335171702	0.722015083612501	0.7149094048380851	0.7006029499180603	0.7578946546215575	0.8295951548159126	0.8425765409022568	0.7925373783171176	0.7694621441334492	0.8677579803377384	0.5520910419315098	0.796320862978697	0.9150937697172153	0.26745291441678976	0.5963367849349976	-0.8229403083115809	0.2744299814864986	0.7175979103356606	0.7091259749263533	0.8083574955672026	0.7836022689908746	0.6985463065713636	0.7134895427256823	0.7991409202575664	0.5807957329452029	0.5989816507577885	0.8155453098744169	0.8293602933228023	0.2133896454930302	0.739142950397729	0.5000855695456266	0.7540767473638058	0.7406947755634788	0.8248862247258418	0.4424279971182354	0.8581674356520176	0.7424696391701698	0.603467877939344	0.6607520798772568	0.6605501160010703	0.8319634256660946	0.8047963368445645	0.6143512774258855	0.8638539081543692	0.8066563973426812	0.3607154943615196	0.781541034460068	0.868719493737816	0.0994615024745466	0.8067990306109197	0.5853902570888407	0.6288566067293287	0.41131822858452777	0.3160018164753911	0.12979750154614386	0.7092856521159405	0.8049988887906071	0.7627576955214135	0.6088666082650411	0.79000847749114	0.5445638437964015	0.711125771683455	0.8481091256052266	0.3878087462782861	-0.13843725111484526	0.4402417859112847	0.7828320903837681	0.7766808571428064	0.7187691427767271	0.7205910800307982	0.7322214232981216	0.8143008774220939	0.9855628087490791	0.7893655277758829	0.8655512963980443	0.46481135754734276	0.5846146737962957	0.44716361942589306	0.6988942453980445
0.746490105748177	0.6188366423472762	0.6828272824108583	0.6376639825582496	0.34533357835114004	0.09273473827540855	0.6889700784325592	0.45526440592408146	0.6698228356093165	0.0439430256277326	0.8061955906659359	0.6863658493667838	0.07901165494918776	0.9090163203924897	0.9417098553255215	0.628658081811665	0.28545597310066184	0.7640152269750835	0.41051326049864356	0.5365913563609126	0.5692125479280946	0.45888480351418254	0.7976033691823486	0.7981175509631632	0.7324063656099147	0.4738547519028188	0.8118471392273905	0.4564274150341752	0.5895476155966513	0.7318827664673329	0.7623322706893096	0.6105004317462442	0.5741426636308428	0.8051592129305	0.7305932484239339	0.7564872573256495	0.22318274280577882	0.8537881536513557	0.5392798173427586	0.5905605543524025	0.17126646690368624	0.7223663325190531	0.7905372199386362	0.5168846250057226	0.5945904526382685	0.7641539780586958	0.2585101324886084	0.8080454789400096	0.704346399620174	0.28677454123198987	0.6864105189770451	0.8597733527377232	0.7320796280950309	0.6208595075100665	0.5448329503148794	0.8485157962024219	0.6971173273772008	0.908369243338706	0.5841171621590843	0.44541572574079036	0.705620424464345	0.6847450487494466	0.8820331517696376	0.5154529785454272	0.4796752236545083	0.6740783686369654	0.4240137271054102	0.5202896826356648	0.4015905348509549	0.5321374080508944	0.36076673489809014	0.5816244777441026	0.41787103435397255	0.44199028459787415	0.7006488789260389	0.45022602428793873	0.6539255239382372	0.49852184854149867	0.8850328284084804	0.6593260969638827	0.6627812565982345	0.7691839184105407	0.7651880806207656	0.5583221774235367	0.5039768663406373	0.6646169086575512	0.8908433491796257	0.7422723642259836	0.6785850099623194	0.6278235134154561	0.7396757585108273	0.8259686509370797	0.8100364336967476	0.573998208886386	0.4258252888247375	0.4753591079384078	0.7734055937200793	-0.07730185112804208	0.2912828143894667	0.49410135412216244
0.9144282489188006	0.8401762951433657	0.700796067598462	0.9307595936566606	0.6433788309752945	0.3584288086771968	0.7442257900387057	0.8187305902361875	0.8223269379228356	0.42745979961752756	0.7932748776555072	0.6809007498890174	0.059362787923216885	0.9086197603702557	0.7870357939183711	0.8558691087067136	0.9545315055251126	0.7755031769692906	0.7614575431793916	0.8221817441493267	0.9184891621977084	0.8503821122959259	0.6946940310657044	0.7415400218144064	0.8552336369067436	0.6374316176027062	0.7688273851990697	0.8143005743354549	0.5748020439028729	0.9674465923994786	0.8028821152925503	0.8535592090249056	0.8462508566081525	0.6790710881307709	0.7673979287922382	0.8340420530334113	0.9433892305672152	0.7830572132557628	0.788940902461858	0.38792055956125204	0.8660130353063344	0.7835625243067742	0.6053120201170458	0.9261383554935453	0.7988962070792912	0.548435122552514	0.8029172147840274	0.6163000111788508	0.772473395892978	0.8001617718227197	0.7666253692418332	0.7611444855779402	0.8065507718890902	0.7104444722950445	0.7547544054925448	0.6565821226716035	0.4579581481367351	0.6458921472966676	0.8904529975146045	0.7873751375466579	1.0012165269553663	0.6522650018513193	0.7005319022417066	0.8867314915269618	0.5696185887143017	0.15900708540976075	0.6874375625327227	0.7465619661450383	0.7401427716076386	0.8996367007493982	0.687847444492578	0.6302196738287799	0.6731240682482715	0.5497650547936566	0.7153213530302048	0.8693602102071044	0.8021197415448714	0.7633116192579272	0.9206214546501632	1.0673505508065217	0.9919658203154805	0.6837503955304617	0.8894111479669816	0.4676577571108934	0.7550907722979787	0.870713755720854	0.28560066199600775	0.9252451062396164	-0.5277027369186287	0.8586661155551674	0.5487689752325421	0.7627824733465898	0.301432710108161	0.6588540601938951	0.568906554274261	0.7540959902167319	0.710361636608094	0.2690299907505507	0.5444150394558915	0.7167992012679566
0.3875234013020996	0.7749490084171289	0.5876048143297438	0.801668148311973	0.33859650711193706	0.6429727494388818	0.6612228006243703	0.3178204016119239	0.7115282191187143	0.7047766569703817	0.6292822689920659	0.666275763714314	0.6846608616620297	0.5695785193294289	0.2819777232289315	0.7995536688506603	0.515511976663023	0.6684936624139541	0.6091548034936186	0.3696843187414112	0.7340053846091044	0.3918308584593236	0.07715023586750096	0.681365250986814	0.45441657051742146	0.6014579358160497	0.668137983298301	0.6971173247635365	-0.03734090376496351	0.6931406047303232	0.4143798689782615	-0.08848567199110981	0.7969017924964417	0.9099582706134767	0.16264614262282787	0.6977969087302688	0.7466378408566121	0.4448330625951289	0.7589007003337146	0.7381011080026624	0.38582827450037016	0.39610873100161537	0.6553997467458261	0.9286225187122814	0.4388824763625857	0.5527565024048094	0.567070068740845	0.8708646465271703	0.5535668341994286	0.5663972075611352	0.4914566385924816	0.8434134791521363	0.2803347111105907	0.6455457191474735	0.2964073783412573	0.7873319206133483	0.6970045662283892	0.734336143034696	0.3142538682386279	0.7713303015977134	0.4095803124517205	-0.08710672380328278	0.6035549669891593	0.4810605014503004	0.7821331159055235	0.5763668921947483	0.7170210277110338	0.681023037609458	0.6991255174607053	0.6190458852097385	0.4618564887285234	0.7271901610434055	0.773037146070598	0.5979805745393039	0.6748890795260666	0.7154854660049083	0.8844714480668299	0.8663513448685406	0.6461379239648577	0.6976293372109533	0.8519630253612988	0.7604334726691244	0.7078565095812075	0.44912859672829486	0.5671970885127778	0.6915036678344006	0.4805033825457097	0.40288639858476855	0.7315002887785439	0.6461377155065531	0.47588033736348223	0.3040985964566469	0.7806475137799972	0.6827122123897071	0.8032283354938029	1.0279107701241976	0.8139959473758939	0.7520438767343758	0.28281706589162364	0.3261431072264901
