-0.3771773472595267	-0.3763409645878424	-0.3566919333087454	-0.35135928957152857	-0.46692272944876734	-0.3370525279058501	-0.3549272696467575	-0.3606080724611116	-0.3505124391297061	-0.3532821521786128	-0.32878256715299486	-0.3629359114199112	-0.4067692510186131	-0.36589742176786794	-0.3862109108762236	-0.36169896167850046	-0.36463153262862746	-0.3691482201857107	-0.3644230773384289	-0.35373019740521794	-0.4451268816031926	-0.3403513527271831	-0.33980180841902263	-0.39955791118893563	-0.3344453586344089	-0.3537801802088353	-0.35418790641045994	-0.3446084621261331	-0.34840580200122584	-0.3552021170425776	-0.36667652233936154	-0.35795865462474413	-0.3379968508366714	-0.34029468617220404	-0.38675510565937793	-0.3601024716597974	-0.3515063185910551	-0.35133538977400264	-0.35244223245234096	-0.3922632047107324	-0.3614903395824266	-0.4783001799116816	-0.34206626698415676	-0.34569953625868766	-0.3812803553409252	-0.35345700490020976	-0.36988465884337063	-0.34675484402054757	-0.3671189705026693	-0.34462283385544396	-0.3708561141282677	-0.3657098418434314	-0.35621727184469537	-0.38276030763238517	-0.3900727877710143	-0.34136132088187854	-0.343754885953788	-0.3761953486854008	-0.37941656560037174	-0.3407209245250548	-0.3643840541483963	-0.3567554334976884	-0.3825231627788379	-0.38994647542840105	-0.3490445522396615	-0.3645063820774002	-0.47081197080030746	-0.33230431981675285	-0.36100747602768096	-0.3374605048927051	-0.33718403922697904	-0.3596841409661001	-0.37541310708573045	-0.3408038259465338	-0.359117176519515	-0.35541348383790883	-0.3743800521536908	-0.35912700975586626	-0.3574487442812311	-0.36988321907409333	-0.3525626268042048	-0.3955929426310101	-0.35902873716710004	-0.36460252282354816	-0.3768902561680211	-0.3322062056497007	-0.3200460859278396	-0.38968058575086983	-0.35665302261390697	-0.3938845206444129	-0.44408418410515094	-0.3883926490090404	-0.3482889492496457	-0.32962547124996705	-0.37377125439285724	-0.3594730134395869	-0.37313477193190625	-0.34950756119049053	-0.3490431379389837	-0.3684763080762539
0.2087828415860426	0.21613604520700874	0.214057638539169	0.2156048761712618	0.2106143365089366	0.20051833295134833	0.18651672084670307	0.18291581932216877	0.19509388410130546	0.19369076967287785	0.2034579370251321	0.20929417345087958	0.1944456990569041	0.1910762374621538	0.20039121578309732	0.19607207990749773	0.18048014020456035	0.20117214005107792	0.1944220265580716	0.1754507333476379	0.1927431952845586	0.19034577235166938	0.19619405474985935	0.2091301698531865	0.18478487649325287	0.17402353280746852	0.19704222734822932	0.20003655422066358	0.21658039106679183	0.22742949720510336	0.18716455041221794	0.18939507165718375	0.19625384131938672	0.1829133717619155	0.19551860640496038	0.2054904040008135	0.20425053437517524	0.22126252988174572	0.18599573517101847	0.2210705042980056	0.17782869904644738	0.20735477388029	0.20621326331172668	0.2121204365242834	0.20346727988667956	0.20665299407602328	0.19141731705786666	0.19782119214517957	0.22698932841489117	0.18446146592287355	0.21199375478253737	0.1771505253496397	0.21544596756280174	0.20282421779761126	0.20529206113891704	0.20456245531894302	0.21779315460350382	0.21047513547047023	0.19586031826135714	0.17949282454721657	0.19804665506882577	0.10447532414779039	0.19251539936415793	0.17471864670172332	0.20195087376860416	0.2210294377026986	0.18469585592902288	0.21760672660292185	0.19609673125820257	0.1748203222721437	0.19125675827483207	0.18626965412569677	0.22590370691137476	0.21357450217489188	0.20462734447541117	0.2095996658783011	0.17927689443761446	0.1823857766251084	0.18651966175474208	0.18823439617564927	0.19813517765695174	0.19004228256772282	0.2050112698807572	0.18178581005335337	0.20111119266940275	0.186252941022981	0.15315870993744654	0.21563809207626655	0.1971875137495435	0.22546044002475202	0.20529277961544762	0.21287140703370364	0.1816841179563526	0.21931019042992053	0.20110271351112113	0.21199221876836427	0.19118908823342984	0.21457268473383032	0.19683581127156516	0.19768726288784338
0.45715620709930727	0.4593278195608049	0.39686218899481135	0.4416970742231353	0.4063742520994285	0.413476516138089	0.4238394928737456	0.43810466229174555	0.43227139149757254	0.4354841870811043	0.4270487267505489	0.42654352908729676	0.43983304278756635	0.43395441812170843	0.4580519227588962	0.4308549228466001	0.43489926081748526	0.4341105478403266	0.43635047053574794	0.4168362557889152	0.4429124107823533	0.4168788820090895	0.4247140895967012	0.4362875914580521	0.42423940717728115	0.4237221107159153	0.4231427477307347	0.4271442784741155	0.42284414527362285	0.4388249645256642	0.4681597185859263	0.4004884361674833	0.43837835530767366	0.4563446155191031	0.43749890275929354	0.40847175924489454	0.41210043673307883	0.43132517861423314	0.433241076488618	0.43678652038979565	0.4419536864474155	0.4444589571358092	0.4139572632090476	0.4724303632813624	0.4265684707219907	0.4306401446135066	0.42997182027549674	0.430092205895867	0.4154461421064111	0.47416857018299585	0.46421304729346347	0.4318105331275682	0.44262838363928847	0.429513578295952	0.41750907153642813	0.44089457936808685	0.4271190384444051	0.43136451763733885	0.4431929787231161	0.44480095813110104	0.39889586786995257	0.4252826562671126	0.42226169245198514	0.41918196580113914	0.4306018988578414	0.4160930008050253	0.4208372099859193	0.43515712899682685	0.44223685832476267	0.45766792833276154	0.44347948479847243	0.44226519045339635	0.40214698294278284	0.43926031870573745	0.4423668804474937	0.4338642553386298	0.4220492332338783	0.4285273919351517	0.4451429094703742	0.4304792102369025	0.4511441662245996	0.4362507000784359	0.3962800120724928	0.4433691417670162	0.40652708886109373	0.43700853828564523	0.45744643414045805	0.41629339121369735	0.4243486289239825	0.44740504219500443	0.440616787854438	0.4148898030309944	0.4044710147002259	0.4210450549932293	0.4117915678881869	0.45102691226757213	0.43091793505777276	0.44248333481214686	0.4085361721581882	0.4494397970963281
0.5743486891203481	0.48256903302881177	0.5839612347323846	0.5979529584198852	0.546199491044192	0.5918811012325834	0.5574862534153813	0.5781496836931608	0.5476522310454981	0.5967330015872732	0.5932342577444514	0.563288538582979	0.4683297210880018	0.4642585327002515	0.5667340844632425	0.5831482155651209	0.5543258605603157	0.5734141451917778	0.6037852763740177	0.5579151834539443	0.49187578328453174	0.5611566202234506	0.5626959310768005	0.49069779629220056	0.5665591795349061	0.592293447997755	0.5632860076800573	0.568787877466043	0.5632077548304961	0.5486701342148721	0.46775612707679776	0.5616985648780614	0.5753638334206054	0.5927718582733004	0.5809627231705143	0.600194244086633	0.5827220612950592	0.5647924336459685	0.561021422707925	0.5621076157774878	0.586658210723272	0.48276236273693046	0.5776841950210391	0.5686832158937555	0.5850012665585278	0.5702974074100916	0.565782507596014	0.6015044203449244	0.5886479228831384	0.5635994707895268	0.5712606890645583	0.47082283722411106	0.5713539611592264	0.6182203272936347	0.5691163818575006	0.5810307047249359	0.5686865846937454	0.5585084208451657	0.4745450504826635	0.4587786762696334	0.5576243820710365	0.5852627827105238	0.4756091865006105	0.559136140415223	0.5666106179891042	0.5894339027088124	0.5941953086573287	0.5790363006827304	0.5449576598816288	0.5793838256206215	0.5710158268792025	0.5841558306260604	0.5578619403590568	0.5595937057481366	0.5602626231698078	0.5848001451858331	0.5733566773091877	0.5827091218546976	0.5544140691599456	0.49052016806746906	0.5775803567112632	0.5924788336358902	0.564869190985908	0.5730521454129015	0.5748810922603712	0.5628525024014918	0.5554888361576409	0.575537743276407	0.5710978207544066	0.5663373090963781	0.5911142345548498	0.5930402311094775	0.5909280367398496	0.5772889263791885	0.5585027012986159	0.5767392045011103	0.5655475148535272	0.5729998043427844	0.5842865936111776	0.5555458819371473
0.6527165726186752	0.5216578324608754	0.6351512365671661	0.5571872496723596	0.6456432956281043	0.6620644784767772	0.6166606073862338	0.5501843309744852	0.6663432108122329	0.6392794857043428	0.6334572759503523	0.6754321671161325	0.5403185275749139	0.6557512295724682	0.5170002562550287	0.6507960001615655	0.6454343126393216	0.66121782122251	0.6271250276294752	0.6645185217270653	0.6503363932371813	0.6594739424788783	0.6746353682938053	0.6082712069127828	0.65470940526359	0.660894713786173	0.6488407273522994	0.6488236552708913	0.668902738964087	0.6318632965939126	0.6399002570283079	0.6336347607690223	0.6346742177705407	0.6373702018268059	0.6422856564528598	0.6371713717657647	0.6257331666679666	0.6369910541092454	0.66974164229658	0.6186312829608971	0.6277435801738063	0.6483565014572015	0.6306484848841079	0.6564440484769116	0.6315663958975661	0.6599571925771557	0.6329105470703726	0.6337102780010813	0.5512906795176236	0.6654070772035073	0.6173293733274872	0.5687269637928474	0.6392099965876162	0.6140917558604044	0.6528620640565725	0.6449066092933509	0.6382865685322056	0.6569193060397105	0.5211256260498437	0.6258848052899662	0.6450831659010315	0.6423126777556987	0.6533985466302783	0.6217720533627885	0.6366484616149256	0.6648343846175309	0.673071176615995	0.6813307801173754	0.6190724358055302	0.6360946917809289	0.6341871349630437	0.6524196056704712	0.6225642615000558	0.6566273516868086	0.6294567872154365	0.6429313816811363	0.6689180767076128	0.6557984124325922	0.6556053911348416	0.6504296664073672	0.6333182939868534	0.448577095233362	0.6299017793541225	0.6660385778213379	0.6766367521019864	0.6155693203305009	0.6479894239954415	0.6260549655308314	0.6389257815081002	0.6390373940939671	0.629516340139399	0.6322183174920837	0.4850961199131434	0.6332229349668181	0.6712339595557961	0.6618825748356745	0.6740623452038816	0.66117863249723	0.619498414946163	0.6438422091441705
0.6631428063767627	0.6752007565337119	0.7063999744308989	0.6670269921492176	0.681138973550516	0.6666110285768507	0.6855909722924124	0.6646482673404942	0.6696604252737228	0.6594395501730027	0.6868132610496446	0.6740111089355432	0.6773111987236344	0.6646202739168928	0.3947483316090256	0.6454148236361469	0.6979800865393084	0.5560291599872349	0.6531343230049242	0.6850493510290696	0.5897219790251383	0.6729314137894011	0.672840830656984	0.6741271977663915	0.5723678359450467	0.6658406934637701	0.6780879054328381	0.6599932938557707	0.6897858513482119	0.7078964294432318	0.6619796871913535	0.5871997879496718	0.5578487024846508	0.6687507519782926	0.6954975620276436	0.7010701925282959	0.578211793205572	0.6914671320417936	0.6943332293223771	0.6534316146259408	0.6694746712611425	0.707032858733166	0.691146311554041	0.6716241066837401	0.6501181099725919	0.6732997188294633	0.6915355652354699	0.6876102114940927	0.6695558531247373	0.6725370977695002	0.6696050556170797	0.664274329104483	0.6662306766834439	0.6679502453272096	0.7000830098306199	0.6607581875085955	0.6707589299560462	0.66985515284875	0.6662588744992332	0.6719035430614028	0.6761877298148025	0.6768210606158561	0.6889573320579476	0.6718129992450754	0.685379047748669	0.6980318747237224	0.6468883735123467	0.6511326525469338	0.599685463471276	0.7018782386946856	0.4775252117687673	0.6933224918828218	0.6944053034137422	0.6699298820452538	0.673957541723833	0.6604702511141851	0.6788381969700138	0.6740980794154752	0.6860469540628361	0.5859652957403219	0.6920926286644611	0.6804516833235006	0.5471842173540432	0.6632441099913468	0.6999953901668425	0.6834856427035995	0.6769905161890828	0.6698771717330846	0.6454862762181479	0.6977216771910185	0.6785396943883966	0.639984293487447	0.6828899794202474	0.6857741622303076	0.6545782868660931	0.7018113835053279	0.6925722292793387	0.7077135815165317	0.6779022127986658	0.6610746529144915
0.40776274843226346	0.5062067086760159	0.6933347371176147	0.6816472250954118	0.695297785831676	0.7248790721866915	0.7136080442916731	0.598634856168677	0.6858441461216888	0.6484238621740472	0.6871499635171555	0.7028602707705507	0.6916591662092114	0.700443071220405	0.7074417342612558	0.5963298810537804	0.7221489201450557	0.7234353493359352	0.707769014306502	0.689691050471746	0.6033675688335233	0.7119753489590577	0.713894913653167	0.6828388272268838	0.7413593136077039	0.7017957721274758	0.7064826575135256	0.6960833752494371	0.6980744459196683	0.6181819478942809	0.7151984157167782	0.5983981620881552	0.7179566265912759	0.7270339432274584	0.7036911931830886	0.6153356042850986	0.7257702621308751	0.6473871265282426	0.7037932126228847	0.7008899802247571	0.7351125523961651	0.6906641704300264	0.6940618829209484	0.7150483574262025	0.6930288548733707	0.7080059093163662	0.6068283389123376	0.48179534809720903	0.7435158677664812	0.6906583687946806	0.5139210877196329	0.7180230047650217	0.6868659540316647	0.5824042072148282	0.7341657767059141	0.696786589048335	0.700758831631735	0.7442340017599047	0.7141974214083627	0.7029989678311752	0.6898031049920937	0.7246956069362291	0.71486755078922	0.6677770673877226	0.69947324734224	0.7204618842564012	0.7090035709870726	0.7337359852839277	0.48014446666332183	0.7225655634933835	0.5874183754691341	0.612120195890407	0.6821412151132555	0.7078046373667697	0.6007085717758103	0.702637154300179	0.5953541318090423	0.7149614650299073	0.7295183656898313	0.601767755675945	0.5829822576426001	0.6763858887015415	0.6848389973626234	0.7166478909219285	0.6172009854586066	0.6832454357626232	0.7092017153623282	0.6936409325160544	0.7060597101920122	0.6930901470044567	0.601972226427816	0.6081839811717473	0.7291213758763051	0.5961814637657659	0.5795813805585108	0.702570699217268	0.7135351294822663	0.6881621866350096	0.6210510010247623	0.7504579545684584
0.7646026452023588	0.6846213783840125	0.7110348239869712	0.7117047414295266	0.5157143618951212	0.7191125115147752	0.7291349005605978	0.7125285651839034	0.7226265972213031	0.6978139787083043	0.7426574956056506	0.7308284680631261	0.6043494967531637	0.7328282479399035	0.7364417214105334	0.7187566898744233	0.7265645906957934	0.7179387604555277	0.7182653825567865	0.745956130859723	0.7104803875002267	0.7127225727323022	0.7243072377945153	0.7522047483001828	0.7254264436954684	0.7079400255744484	0.7335141071200275	0.711375165625164	0.5300467498729816	0.6979725530318682	0.701217634398787	0.7322561533074311	0.7209988926523017	0.6939770897437719	0.765603306015753	0.722387509322328	0.5980181233870663	0.7135427788633543	0.7147253069253872	0.7179235506502373	0.7161191851924581	0.7055989206215181	0.6981940694486488	0.710199739346006	0.7303057688483623	0.7502276685193965	0.7608324092914717	0.7521866170526332	0.7538812133097468	0.6998981763068349	0.518425161852745	0.721583368519631	0.7170995085388286	0.7225876987523552	0.7454322856121094	0.7029207666623825	0.7430944849863674	0.7417156006625711	0.6229291699294776	0.718672031712937	0.7179274237760302	0.7172033141065052	0.743539311662488	0.7353417048842529	0.7401758496640679	0.7025096471490535	0.7330654262038582	0.7130725991694036	0.7479369812658381	0.7117566046911057	0.7169990794225591	0.7273297059733596	0.7206276025117085	0.7639264698944195	0.7050696777584445	0.694296374723404	0.7529277306678935	0.7392639791107317	0.7290007764512296	0.6392889827343399	0.6960964263266917	0.6151939131200345	0.7445515131450369	0.7410661102416944	0.7234569063506217	0.6264207122677705	0.7131043390480839	0.7434753424359444	0.7265898573902259	0.6303292432311588	0.7375265097678912	0.7159825486866721	0.7248264488118564	0.713474537893016	0.7301915192913873	0.7388407367986117	0.7337609525995938	0.732472262345875	0.6942768253374407	0.7189973248754866
0.7382997263063354	0.7317766209474298	0.5209788327912842	0.7455593129664245	0.7449324915593707	0.7187885645438774	0.6223647283058099	0.7245023067888845	0.7171221587907128	0.7492489865707298	0.6239067040375655	0.7116871618561477	0.7720911995104378	0.707657677812454	0.7091149097840861	0.6554344065683881	0.6753495796886209	0.7489999913406247	0.7771657731804205	0.7458221494627238	0.6079548549202954	0.7319086759622081	0.6322749147180112	0.7361612364262493	0.7420904049743663	0.7317111767626737	0.7345816145858972	0.7236077309676028	0.7223542561367079	0.6800790187244175	0.551727643841563	0.7163341877964752	0.7619220827135292	0.7533194105370954	0.7372793326491726	0.7419603905539826	0.7325645139493564	0.7345459229373327	0.7037459194519978	0.6592785401473046	0.7042025825567423	0.7228672810530071	0.7321099018438559	0.646891566933347	0.6698418857542224	0.44658333245978515	0.7573159021491228	0.7305695932765791	0.6118011676028839	0.7222736031509259	0.72391012628226	0.7463919861385752	0.7533585606115348	0.635839326979821	0.6155452873550763	0.740902890953641	0.7538062143480615	0.754370626071854	0.735605724066914	0.7670960817270972	0.720673660790217	0.7232663773584869	0.4164926596037359	0.7068441170147112	0.7349086570948682	0.7115565615729474	0.7317826560726228	0.75176257517436	0.7300253484957296	0.7217243783661287	0.7747415589594786	0.7205577432756006	0.7125660955442528	0.7612428883968356	0.6963785292406227	0.7379372301381513	0.7394330893073638	0.7219650365724849	0.7569693198814113	0.7643804888519254	0.7335345908293261	0.7369328256334803	0.7519469104563585	0.7053417849475369	0.6955424716767057	0.7598401749712563	0.7572542296060975	0.5400299084702259	0.7214840903284919	0.7264773117161595	0.7432958146890911	0.7413040388871397	0.7540503016074654	0.7259622457235185	0.6399600359064797	0.7562479619250865	0.7290066340206717	0.7188884867427907	0.7554249861917419	0.7102660856195258
0.6370701787860017	0.7148869198820537	0.7633138154024964	0.7472949851831294	0.7258409981605504	0.7042024927831636	0.6207412214030088	0.7663167410771584	0.7296445780168801	0.7437653196551876	0.7436733313214837	0.7435219855150761	0.7459642363613138	0.7511252380264991	0.7456368413217026	0.7240163494312611	0.7398195292098588	0.749196610249293	0.7234375860132967	0.7385065155549203	0.7536696708858432	0.7360600609603303	0.7626727018271062	0.7599318835555623	0.7237948270744232	0.7364880066338244	0.7306318722069227	0.7098107035721338	0.7692420377939245	0.6181397629101223	0.7293458740009143	0.7113301706806717	0.7402563782915033	0.7093593884110455	0.7310399776240756	0.7246399085578737	0.645899628190682	0.7528971028570219	0.7577148743693294	0.7373779465245722	0.7299422110337951	0.729674816892948	0.743580649701584	0.7193255258145984	0.7311973326048671	0.7388713836732003	0.6543517437952452	0.7725801215960886	0.7503250525977323	0.7538076887920454	0.7230572086767798	0.7219352110437164	0.7290064024933041	0.7073424774414637	0.7042725518804263	0.7074983664110706	0.7485327436920868	0.7632635161436667	0.7163274136887927	0.7566008085118472	0.6996458923031817	0.7374545690820137	0.7582499157602776	0.7254570076643613	0.6487753060859103	0.7575139628039893	0.7567647471775895	0.7320723036980755	0.7275013634894839	0.7332290955728763	0.7350034874534459	0.7331483872715343	0.7124652907066733	0.7184266736834561	0.6347305463745563	0.7266433622548785	0.7443137532189993	0.7189322743947569	0.7337033785220185	0.7606150313332167	0.6208392595271984	0.7194650318875176	0.7421257235532105	0.7407941527329662	0.7528553739004255	0.7276393441498705	0.7147804440865323	0.7354048918556279	0.7375748814994055	0.7258715420081794	0.6324718102739696	0.7149299761652076	0.7613574274673449	0.7451971044975708	0.7407723257644142	0.724313890093329	0.7268982030993764	0.741043342135628	0.7319891069232917	0.7428948986657161
0.6770250242376114	0.7679982976371587	0.561219704658226	0.6313815796921705	0.7888162442782848	0.5431986763005549	0.7359051282146578	0.734718101477463	0.7757469960948559	0.6610011149961165	0.7486737604928909	0.7551847122505063	0.7505999272981726	0.7664763600171085	0.756123281707191	0.735802815666343	0.7171659586860488	0.7775770110673137	0.7486821564077528	0.7572641285991625	0.4764223306889102	0.7727671178156833	0.7353513589629936	0.7396471968518151	0.7913247841883515	0.7838389241965267	0.6731990579564532	0.7620321364017787	0.7669567715813742	0.7699875104366151	0.7265580421074698	0.6356457094531868	0.7907734597657124	0.7679775253191253	0.759149813578898	0.7620647300303308	0.7822697520900272	0.7667566537900194	0.7583726171681879	0.7473857000997233	0.7341588427926272	0.5452524959066923	0.7320224365906087	0.6484000819310406	0.7633267311513288	0.7427214242131265	0.8096198308084781	0.7221757387910737	0.641033960325711	0.7702212442760965	0.7564599281454694	0.7475841154177535	0.7656439490741189	0.7442211544963773	0.7236135964503002	0.7715423945685705	0.7607089029943519	0.7569467246327424	0.7386970345475119	0.7773272264359301	0.746193656584701	0.7277559726247915	0.7587368317588244	0.760576446971953	0.7428194909100475	0.7550770650413972	0.7624976357305483	0.7529194434992647	0.6814997798194798	0.7449619252002028	0.7535990511138699	0.7671567961724898	0.7618159428192924	0.7621127704837879	0.7531551572510096	0.7703307783236603	0.6264888194202671	0.7246609079701599	0.7470498933912773	0.7709078722031733	0.7666635888725202	0.749690488153375	0.7439945421110626	0.7531312952739233	0.6178673031964125	0.7463581976420286	0.7756966392025776	0.6338624322702681	0.7451258351062945	0.7439459486491137	0.7703843648583019	0.7575569174854068	0.759324932045663	0.7375338360005567	0.7409368243066822	0.7395189059631864	0.6585669755289855	0.6701502774188717	0.7389350210036576	0.7794568034311339
0.7387486398045396	0.712747936515076	0.7705629321614049	0.7598388264907574	0.7588943362561399	0.7797999984637991	0.735932708953214	0.7976488461772194	0.7596327248689967	0.7483120853776923	0.7496958171066603	0.7369822660884118	0.7955934635130754	0.7271155814115177	0.6102683315990951	0.7640937517505939	0.7405709917572187	0.7541804781861761	0.5488019976955222	0.7346236348564473	0.766033263102871	0.6679300857166609	0.7514965636587007	0.7329497310607185	0.7597019702936937	0.7383863956922153	0.7476924266810481	0.7654822149365834	0.7286666199318733	0.6559828423543118	0.7309471110121017	0.7593155668745388	0.727832766298562	0.6746710523261079	0.7813526125225665	0.7587124428898712	0.6752283657934358	0.7489202499010759	0.759326514379127	0.7605473843597116	0.7529845267201827	0.622093540505063	0.747322766138401	0.6259896229552229	0.5686609380625596	0.7825300199778346	0.7365828359169937	0.7742606105593829	0.7285381030341466	0.7804890163837086	0.7329935144151707	0.7681514805110196	0.7775911780364378	0.7618300922557205	0.758942930189013	0.7632649126253146	0.7668078807521649	0.7416494846125914	0.742752040616093	0.7498264901074068	0.7397608531407222	0.7905586349520384	0.7389855573981393	0.781293823866277	0.7813874057282953	0.5756440964505669	0.7575205133760147	0.7746262544340509	0.7821556459883172	0.45459866143835	0.7662163403155539	0.7460705328774492	0.7382021864305848	0.7208761295396793	0.7744742819991488	0.7854663393559822	0.7268924910381593	0.7817315130575665	0.5471639769301029	0.7835542025673251	0.7709694553622379	0.7587691393661241	0.7419553718339595	0.7685585493716925	0.34667960872853787	0.7690836211915357	0.7435219031111209	0.7109352410109667	0.7340850257283243	0.7601078998757659	0.659641517800217	0.7558220310712649	0.7501987700960167	0.7657126770996165	0.7454222521830381	0.5412218617065769	0.7568880927224224	0.759527278269645	0.7387683836117231	0.7525919884616225
0.7310904378099985	0.6545428584565423	0.7692163234448439	0.7554265005736773	0.7436341086081742	0.769355131209526	0.6400564480614703	0.7599715904325312	0.7613122770610917	0.7519368320744236	0.6403693903777904	0.6513092590768859	0.682618198885611	0.7834577625500837	0.7797115778906604	0.7788128211163579	0.7701214210780413	0.7698997683403223	0.7477857933454946	0.7697689813768172	0.6819087987045559	0.5582418519686242	0.8053100930400131	0.6649838804271692	0.3918258117028334	0.7532536424709242	0.758902188907503	0.7526374658258868	0.7735481404883476	0.7692112474469168	0.7836410057267779	0.7698658737876505	0.7754325981374892	0.7687108780948311	0.26717628174751223	0.7510175262630229	0.7574094266632052	0.7923577704263933	0.7312136031156111	0.77379198510834	0.5611319327422775	0.7749156046392828	0.7580894361872139	0.6871790877807205	0.7448253194365956	0.7505309559388695	0.7847522501245394	0.7897416846943028	0.7471652922798174	0.5633942608114182	0.7593433455663778	0.5771035612421244	0.736789356412885	0.6733237734925953	0.46686884284835456	0.7581134693021846	0.7797363114288773	0.7723099816744559	0.7788983978996488	0.7617334604344929	0.6634640806228493	0.7661247716699517	0.6724849040731744	0.7664551884013914	0.7625700276722147	0.7429042520264928	0.6901781772759069	0.6850600601288948	0.7944251471969964	0.787901524721249	0.8117902128560628	0.5929006638332425	0.7978067793413323	0.7918800133036501	0.7863356654382069	0.7638889338105379	0.7582344510627438	0.764874561453076	0.7887423140811181	0.792950934930301	0.772875784803718	0.6845954992032272	0.7785712547107128	0.7753496440002624	0.7493090750132371	0.811717163604185	0.7577631609556138	0.7530788069874842	0.7591742158158078	0.7922248687748017	0.7468873884755436	0.7519207895077163	0.7725611172549126	0.7823525366537424	0.7850586012992647	0.7093286801800285	0.6873873063061523	0.758443435433625	0.7574320308072453	0.7725816000149817
0.779680319771176	0.8027817156568657	0.8069728139561281	0.793298242911644	0.8476449084001856	0.8136824548241172	0.7951910150516742	0.7724944537026855	0.7471279360825239	0.7909219289514967	0.7002412977931706	0.7915941345541322	0.7868862647525838	0.7869544187965026	0.8049796591953322	0.7922256221257207	0.6789858673710661	0.802041307479502	0.797840475860918	0.7920323908823789	0.7956978288837673	0.8142121358551809	0.8055901691974218	0.7879746718885341	0.8056715792129713	0.7916694672242423	0.6968401303590044	0.7922916152954292	0.7707701775236212	0.8000031933477882	0.8188559384343469	0.7973758056628295	0.7935664698389798	0.792269193816005	0.7766846615184426	0.7987247862552999	0.787606173405131	0.80667244599298	0.7926969003947315	0.7947692927334515	0.7931895647604824	0.7582137917038888	0.7863880322909973	0.7943202669452106	0.7993446122922803	0.7914027064469598	0.7691809725245706	0.6974474915539034	0.8351705120748717	0.7876175388426491	0.7840854414072173	0.583517603363538	0.8060352569748561	0.763999801311778	0.7569647863234651	0.779928717796474	0.7810046084335268	0.8300429335885289	0.7873300541024191	0.6538306299625676	0.7905568731255889	0.7896307251803992	0.8166665219705802	0.7693194133604381	0.7931452255344317	0.6950999909541768	0.756469195787695	0.7826411914958422	0.6898652203651745	0.7882306374262492	0.8124878624992499	0.8338954544959704	0.775836511376656	0.7834781943728192	0.6971153040849648	0.8085774282932908	0.7976831009697046	0.784355524714122	0.8063652801812118	0.763834739148455	0.7864404049538706	0.8249779771421253	0.7599190407168925	0.8090412980407252	0.7994430472967557	0.5621282792435242	0.8211185250415267	0.8082762179328191	0.8156858917039899	0.7883702859018671	0.8060052560032779	0.795238349274305	0.8016909461500582	0.7858221038579252	0.8144378607687395	0.5817494039414883	0.8341894854904124	0.7999156946949579	0.7948269051235688	0.6931101615847044
0.8039649531127296	0.5918762245949034	0.6841278803609717	0.7974803784831858	0.8109686916103814	0.825882448996701	0.8063028617295311	0.780736492315798	0.7970377595624403	0.8057575574040643	0.8240341801886503	0.7075798057013244	0.7973068000116914	0.8134550330761153	0.8055614713957215	0.8250106209448043	0.8126632170517233	0.8308209181541465	0.7580505197162616	0.7172747010054452	0.7802084373486675	0.8448415786481156	0.6785905716125163	0.807829163951795	0.7971225577656654	0.7985219669478448	0.8007973913544277	0.8166243083799517	0.7090030557070371	0.7854634041896162	0.7139972234660158	0.8534912849252475	0.8283100224359482	0.707912159239785	0.8233666963952486	0.7068698559264162	0.8214872451247884	0.7084229402409604	0.80894362023237	0.5877064619265346	0.810552110273583	0.813550447183806	0.5948799336699631	0.48290046506746936	0.8187374222786507	0.74905885014826	0.728888714968967	0.8270842053536943	0.804326863854868	0.7013165935624246	0.8532274351894737	0.8301906786444649	0.7812590008200957	0.6760467521601028	0.8041948469436596	0.6809818465244256	0.8107293292734926	0.7887935228337304	0.807150448002032	0.8362277233966223	0.8168290130633542	0.8041480508682826	0.8215367690153941	0.7958981449474798	0.8045578842739374	0.7752273567496956	0.8151549589651316	0.804427224867556	0.8543864816211955	0.8400393775708139	0.807667135242398	0.7971867035076154	0.8086897782601657	0.8271122883623723	0.7955600015027234	0.8255329746249018	0.7768908212401779	0.8136394642554088	0.8173831048535961	0.8047227067140977	0.6927025911224023	0.8112106647663784	0.6883015633505285	0.8131533996545673	0.8265655221673677	0.7916126129038882	0.700524223109716	0.8265770986316319	0.8038634682562739	0.8314150621112413	0.6983245262475736	0.780576333656736	0.7988964108855477	0.8185993975215358	0.4957092203694424	0.8135508350872676	0.8111441317733108	0.8185864299586363	0.8123064595399768	0.8250589023083813
0.6145927051214344	0.7885922209724449	0.8282905660561424	0.8191909090510922	0.8079058879390711	0.686489269543443	0.7969983211343602	0.8029073607082818	0.8261783610691091	0.8163468131619419	0.7450118350574052	0.7039750269625762	0.707815464341913	0.5968301947665433	0.56611243417411	0.8179028946564142	0.8032461741792458	0.7178659663779523	0.8365670760665788	0.7148774204948715	0.7972721968798311	0.8357606272253781	0.7964211632005281	0.7991880113655567	0.7225854356050456	0.8286806609165376	0.8457283432768795	0.821522881970134	0.8197082583285302	0.8057932900877084	0.798250575905411	0.8108643298606445	0.8312589342645195	0.7118357165960002	0.8008112246460333	0.8117925949685784	0.715146336980159	0.8036547371028497	0.823682175741751	0.8132860581944108	0.6263964069835758	0.7306778398087325	0.7975232857269856	0.7745456308561355	0.8240938059849193	0.7749251170524536	0.791202750776473	0.8118516284003532	0.8117091630276335	0.8173772707477223	0.8241938345243367	0.8206385193348821	0.7202031095323125	0.8052378804609228	0.8194307822800296	0.7893827899578562	0.8194830730248622	0.7796890827707729	0.7969937494268521	0.6965317155580096	0.8434226742637032	0.801555085941289	0.819487610421342	0.8101589548156735	0.7739171406269135	0.7935421827817771	0.7955644985053102	0.8344702374315826	0.8433311794005574	0.8130388913772546	0.8126277557501491	0.6395472291526778	0.8154518157982793	0.8238963528228413	0.8357475234715694	0.7977651829900643	0.8171204142431983	0.8087650805038475	0.7977620656988457	0.8234468548190724	0.8092179823735336	0.8039017515809992	0.7873247222668105	0.8103207689278629	0.827921607298616	0.8245055517917491	0.8129742646654564	0.7011166517859558	0.7074817285976804	0.8124385391587006	0.8118054402485364	0.8302136770712375	0.7268502466669532	0.7942303749931662	0.6985201570723055	0.8280803339571949	0.7970344345344151	0.7963266846593936	0.821201740573766	0.8314442987339533
0.8277900412860022	0.7675603940509264	0.5079672323157877	0.7892782568050336	0.8222467859690148	0.802843310530611	0.8162206029795546	0.8131982484287629	0.8302140905134592	0.7859861359802439	0.8085472114385986	0.7943176155260454	0.7426004868676375	0.833591639799883	0.8211119268124408	0.792501127738727	0.804483710476284	0.8285534711418264	0.8273554352796803	0.7965435985806355	0.8094809123329045	0.8016017645765116	0.7865990053222931	0.7827154090579569	0.7920848697522905	0.8341565208454945	0.8374090413056922	0.821520195253273	0.84550936837842	0.796995629397363	0.8128793965736455	0.7867323994718475	0.765886221380995	0.7873558343030472	0.8216832603297175	0.7987124215746806	0.8233201231964147	0.8222747431736444	0.8289952069033869	0.8103916264749855	0.8213395735820809	0.8201306693610059	0.8362085605852407	0.7846776562542098	0.8177163445982384	0.8263820643014719	0.8033993106732905	0.7902017964952069	0.8248018660903499	0.8191550511143032	0.8243699201032715	0.8123020574836968	0.8059144267342215	0.8118911960966202	0.7111322422398134	0.8326143476371812	0.8049265685757301	0.8385893244319845	0.7969926563467774	0.7895564692116399	0.796355707140914	0.8199633350245898	0.8052618052429256	0.793105747278032	0.847927999369906	0.7927822050541503	0.8200666984347978	0.7806527581382016	0.7079912860647968	0.8185467687474437	0.8047450658904073	0.6763688015746282	0.8140495589339979	0.7753285852672219	0.8406098602449954	0.8078141846599687	0.8022522402738606	0.8343930953553383	0.8084406660983123	0.8271264692419656	0.74014309642834	0.8057466513943065	0.8117437737683819	0.7954077921566796	0.812113909441851	0.8197574044060773	0.7111153775102691	0.7768227139692716	0.8053822741186508	0.8280631185254114	0.8213408585380934	0.6211619023915359	0.7857839059138909	0.5798152603784088	0.8068761945130348	0.8082496161451143	0.8363424705996952	0.7010392633989213	0.7871356197667182	0.7985298195912564
0.8161179855116313	0.7859052623943293	0.7839017803583699	0.8198446138934465	0.8143141937313195	0.7128862364793263	0.7085420371943772	0.7923674236238206	0.696980235445477	0.7732860756120512	0.8009727486297681	0.7937101676897383	0.8412470804754401	0.8080311123711292	0.767783157448475	0.8093780490890943	0.8163252851365338	0.8332288004772286	0.777808311482645	0.7873412299148413	0.799403042828525	0.8019584044846038	0.7701287472542628	0.7430633809181929	0.8048043836263067	0.7799976735288618	0.8126026237371426	0.7204295628421948	0.8126852899594578	0.8032375639668914	0.8308264462686406	0.8034900662386332	0.7780600392428488	0.8036715081037257	0.7965268414619817	0.8346678964801559	0.8272984022324875	0.8268392009203572	0.8087777310421367	0.8164852912040769	0.7959849619984408	0.7909003788992168	0.8025833176946148	0.8314202657907958	0.7896491796068452	0.8098453160659044	0.8114480504516384	0.7941752398091975	0.7908931263649243	0.6855020642661914	0.8019549662885805	0.8246916834788269	0.809717150853869	0.7945881177992049	0.7755718406146073	0.791875358321617	0.8084774647044464	0.8119591900698678	0.8314944393103618	0.7956096875862269	0.7962876000528611	0.7845194048966535	0.844400195726023	0.7955787008992015	0.7345768902345818	0.8007866643007907	0.8074332639632473	0.8241833603649561	0.8176719195313613	0.8060823151088745	0.6956939312573756	0.8532915536625655	0.7961756501408599	0.796285095866366	0.7834805884060402	0.8106790461089692	0.7981692843454026	0.7981362725092168	0.7765950607993873	0.8035514118987012	0.8252308998179134	0.8046667335330481	0.8374614778184368	0.828094764490209	0.7772683315996438	0.8447185817721174	0.7909750644822308	0.8062967684348714	0.8057013594675495	0.7933469540367512	0.8380551451583724	0.810027836429687	0.8256860155272735	0.8133794945173635	0.8124552443225019	0.8035363568267561	0.8415090618869174	0.8068660470980277	0.7892089734697579	0.7934968673173306
0.6838010725153193	0.8096477514714973	0.7043328274972696	0.8082802928082296	0.7304584487016538	0.8374790393011157	0.794502139395158	0.8087526248469269	0.6284164694140527	0.8092876975987578	0.8147092712703039	0.8336570564602017	0.7984041413428423	0.8153017922984519	0.8164427864943039	0.8064165190007032	0.8235283295818948	0.816575648520203	0.8235617389183552	0.799322489976246	0.712021650465787	0.7974690983239799	0.8121867450792944	0.8159121974047976	0.7894451736576121	0.8099709305759393	0.7895243265522877	0.8125204364883117	0.7165126154299891	0.8302741455426135	0.7777808855138232	0.7924225299043866	0.8117881291596378	0.7932753478717471	0.7854805453938416	0.8071679860729788	0.8070453191804601	0.8024612919808054	0.7980284433273487	0.6896235527323428	0.826708922195645	0.8011984184972786	0.8170769964125447	0.8056634146698128	0.7992631230592133	0.8134357914168813	0.7785899326770436	0.8257095978173877	0.8279309534415475	0.8304824095498119	0.8160374154940683	0.8022875305146261	0.8043745442156258	0.8534827567850477	0.8641190575167126	0.7841471095506076	0.834955657843236	0.7230563505517401	0.8330890829283527	0.7918334571325264	0.8345339716135839	0.8118886674701402	0.7265865169944864	0.8355248776040756	0.8488146858333614	0.8578769587204849	0.8299806720296273	0.8057995446547187	0.7934907155312647	0.7355985952750731	0.799734927241013	0.8204630757770239	0.792700520756921	0.829641597049372	0.68805217222139	0.7754805311016404	0.8183609706191519	0.8082614812215464	0.7835120271498198	0.820674591508336	0.7991331764481372	0.6391045731911639	0.7971187774740508	0.78360650560579	0.8382096523482713	0.8079270728745465	0.7800598745990803	0.8242716652258543	0.8219692866694058	0.8088560039917352	0.8137999423030909	0.800097787738616	0.7991639439090569	0.8038511482422078	0.8083223375456652	0.8147946194817419	0.8121807133098182	0.8272258266224779	0.7729952918464646	0.7835961766518421
0.8151383580764805	0.8211126668676437	0.8153804403841376	0.7935214477221448	0.7114751544074963	0.8087380617478828	0.8055532923499072	0.8059509093995358	0.8146914181284488	0.7085237945485359	0.8215966850159943	0.8150976911731289	0.8020091761919471	0.7855339638556604	0.825699290931745	0.7783509674999203	0.7939891224802081	0.810487507359615	0.6934159042407644	0.8313106608548824	0.7883937435859227	0.7825438995989014	0.8159687011893549	0.817240200410082	0.8228883471235574	0.7950421342261844	0.8175879094833177	0.8200500691980668	0.8369374359567577	0.801634042914548	0.7887792852655664	0.8187770303635258	0.8270257620409927	0.7872068891639239	0.8068424368889323	0.8017646031663906	0.8102434441966528	0.8190412796919515	0.8405399758249726	0.8178695008190867	0.8151224382542503	0.8230888897058161	0.784027730791134	0.8040493031169634	0.8170883359936594	0.8173353698916235	0.7286597687478984	0.8173278788838289	0.779738350510268	0.6847655014175488	0.8318819719677462	0.8154725647817714	0.8284402221567905	0.8092318149278043	0.8296138907515838	0.8079156156406246	0.8095853457881005	0.8289522720927743	0.7005033120104023	0.7084903603109123	0.7048829209974455	0.8003554190972529	0.8126778371169964	0.7894006580668765	0.8058561884294019	0.8454442826824413	0.683651943109996	0.8142892736887071	0.8354594255734764	0.7986738656281268	0.7992891880763198	0.8139481363414878	0.7170116348312919	0.8076843366201659	0.8095878111449032	0.7071352949782086	0.7763324275286355	0.7995768895512689	0.7968523722254729	0.8096571130729424	0.8012660355937462	0.7041553531071676	0.8057109518549561	0.8231739873140554	0.8211796826961083	0.8168330968728161	0.7867194223542008	0.80232117890527	0.8060523950188895	0.8074419707959117	0.8275435607547368	0.8176618724678324	0.8162914191783379	0.8049136367032935	0.8030708329981803	0.788899276208491	0.7953149949840974	0.7982514249588875	0.7969193654262319	0.7876743680119941
0.8156358377002818	0.8272035027768522	0.5916858054161577	0.7391642969528385	0.8022165276734224	0.8208116475416315	0.8211790393289435	0.7092601514839071	0.8127402591472415	0.8146615618846538	0.8057302969070582	0.841245483204785	0.8406130631526456	0.832061829945657	0.8156995318800472	0.8054795805076023	0.8180771938541299	0.7089957062521455	0.8286533371474827	0.7940646285050601	0.7851782805267284	0.8059283263324062	0.8263167548674588	0.8166591442701848	0.8433554876402132	0.7024668468101245	0.8422750026350545	0.7975130289887984	0.8101213452630474	0.8364274114696383	0.8357640990630124	0.820755618500865	0.7976758091001841	0.8102307058563498	0.8094930701531524	0.8183744039759852	0.6390271491673645	0.8196311063368406	0.8564071903448391	0.7993671441054785	0.8225793318764285	0.8209213755848878	0.8267678718084929	0.7981339938532327	0.7698926632588561	0.7961554444870416	0.8089481792438741	0.8097765131518034	0.8454138339669278	0.7928421848624914	0.7235321545911846	0.8259138527194848	0.8240430112740648	0.7424082102042986	0.8047871116831686	0.8303069535235742	0.8302191797784506	0.8258364888812392	0.8144072011353324	0.7937805969571763	0.7927698586747871	0.8170747808585129	0.8370572157456398	0.8228249610157006	0.8125432107855723	0.8284128676123989	0.8384714587157615	0.8056036835937925	0.7191015114621983	0.8204120879106749	0.8253445879409613	0.8218876611421134	0.7810125094296924	0.7036480525927868	0.8347768066983978	0.789997881060557	0.8092595285784047	0.8351515553576014	0.7986166399486762	0.8157317089224958	0.8263943416564707	0.7873571543025548	0.8246514607254107	0.8394529604268993	0.8348723002172931	0.4260036359181844	0.7993286536204417	0.8100487958025879	0.805648679046953	0.7992623896234367	0.8382291119885831	0.8523469281460235	0.6286717575601716	0.8131393228146969	0.8069802427422896	0.7909637794950315	0.7298715564021534	0.817039132460418	0.8367148083475672	0.8156544386563335
0.8569997142468646	0.7637263833848231	0.8514792150848836	0.8049693278617075	0.7878562750451314	0.792134055560611	0.8212796872508209	0.8284783754296864	0.7118843634886624	0.8244707779784111	0.7327493786112933	0.777646166359527	0.8213630705324532	0.8105185517281599	0.7401810385528728	0.8271754020100323	0.8333851370203493	0.7973358444686404	0.7340388951974146	0.8325808798727378	0.8605237221300097	0.7303759087031029	0.6381018059092838	0.8457575260696261	0.8676310395801236	0.8453866885673427	0.7281442862120601	0.8304792188337698	0.8242414693315214	0.8192042498101535	0.7961006483649982	0.8413547188042351	0.7221138654988324	0.8514124806817948	0.8506592735296746	0.8402285429180125	0.8135826587635626	0.6427011040971562	0.8285371658448485	0.6995291807764029	0.815215861522041	0.8363108234913521	0.8196002957025045	0.8107104820335808	0.8403948907645552	0.8112089307578327	0.8417253860479925	0.8317708976143942	0.8389164440658006	0.8322535330851056	0.858133871309508	0.7874664560749428	0.8477554534564365	0.5955096677006474	0.8023604375546309	0.790376959677196	0.8237096849233354	0.8202708023482062	0.8234097316279505	0.8101603669820238	0.8340398324866479	0.7949413227693718	0.8351304022232701	0.8258403029491256	0.8004695999717718	0.8514397483501743	0.7005776589751109	0.8502347805692787	0.8300994317737656	0.8331718548144843	0.7943465764165673	0.8524979172337688	0.8116750272202461	0.8378367804816318	0.7188072378480876	0.8193102037438544	0.8490332112236118	0.8300296313503681	0.8009578443392982	0.8323044458955539	0.8275515546981937	0.8496371318565729	0.8053363564879037	0.8700269745562572	0.8754050529341748	0.7340327856054188	0.859819175312222	0.7902586158294872	0.8163536654459524	0.8421478868209037	0.7272988980949298	0.8283666797555749	0.7918759409382781	0.7115761005627609	0.8266644277386003	0.7481082207213587	0.8165780846362666	0.8412530416819428	0.7508256038963289	0.8008166325537188
0.8140791515915338	0.8222199847628048	0.8085505305085214	0.8077798697291655	0.7067339877197941	0.8348254697142239	0.8266554140983916	0.8133859569129779	0.8000090431129362	0.7861383291072449	0.8030729193488182	0.8092152277489159	0.8115856272007305	0.8375400812056993	0.6906643257642266	0.8315291592819124	0.8131998086103474	0.7049224694891216	0.6949990028639382	0.8225871269850504	0.8042537537936096	0.8062564075010975	0.8202040254322269	0.8343870855383378	0.7182564579438785	0.7854228755752549	0.8038130549163621	0.8276379537290308	0.6990387620391	0.7830403597614807	0.7029204274855425	0.6153408057767951	0.7936453824971127	0.7939065807121496	0.7641890850077923	0.7759577560081501	0.7914997935633694	0.7859695143656864	0.8183663640525067	0.687671848790201	0.8026100510414031	0.8326582955672849	0.8400781707983817	0.6167409985560798	0.7553887644252424	0.8138999279305219	0.8209289772561176	0.8171880744433287	0.7187147207519585	0.8347547993909074	0.8002270157259773	0.8156539327232986	0.7081923531510922	0.8018507081372153	0.8045527373847788	0.6895013726810334	0.8216922582859806	0.7888333301072059	0.5225622762840285	0.8210139745956917	0.8015152739572217	0.8421503189808301	0.8406484934812849	0.7032879852633434	0.7846737289266538	0.8382345778632964	0.8400829192798946	0.8384579871641797	0.7738530573364226	0.807137904050013	0.8438629894411809	0.700426534690992	0.7810563987879248	0.8225875045922834	0.7862370776403803	0.777058288022043	0.806287370282714	0.8025949070425688	0.7009800023639551	0.8260775839864614	0.7917126548754195	0.7953640223065545	0.7797288820730767	0.8257550728116722	0.7985877373738185	0.8069712939787231	0.8474567661628409	0.8085973549848107	0.8137587222253637	0.7935119075770729	0.8119218317475442	0.8117173561914713	0.8308600202941436	0.7402489472374092	0.6804554011699513	0.8116199899366205	0.7890293705487285	0.7960410014742849	0.80198879062605	0.7937325225026228
0.8429687458840156	0.8141673197985877	0.8070163228681458	0.7899609061050431	0.6924814448152544	0.800159558673079	0.831543946790459	0.8398004848605863	0.8374190344700012	0.8187363574440307	0.7990263204187622	0.6628554143323707	0.8329072304150729	0.8267009177286523	0.8243659698054243	0.8087254511291234	0.8340848395591053	0.7546530506122278	0.829593375996478	0.8230582057477782	0.847494773240861	0.8043890358150252	0.7939016491118792	0.8384687023089713	0.8450649414389635	0.823005897321441	0.799269406888808	0.7929335816548904	0.8269282874884428	0.8054696695576602	0.6301690642795366	0.7879996898696439	0.7972626271407005	0.7932206367561845	0.7801937663595979	0.8554867563427552	0.8250451075296645	0.8205166557978748	0.8179476748471084	0.8168474769285402	0.7405520579039554	0.7819334133792185	0.8191885671665659	0.8029931394861874	0.791703756784859	0.8021334472390709	0.7028872582325695	0.5999370074730994	0.7159860765487563	0.8142621496923249	0.8433249986768128	0.7933367654726368	0.8237604105802937	0.8283732948110035	0.7089697971979964	0.8658620980674111	0.8330151800617164	0.7888396088112484	0.8336534492176038	0.8242258825268581	0.8391966862375344	0.8267192209029556	0.7965810849578389	0.7929779157708279	0.7143493626993753	0.6438146962099371	0.7917139781301336	0.8320770462452232	0.7948358069021771	0.832628259458579	0.839227481255598	0.7076158793936952	0.8163848702674421	0.8016357969981504	0.8097563112633551	0.8187382866950123	0.7994584955412395	0.8229818090835653	0.8113505011543517	0.7861738262808151	0.8145109828599693	0.7117729393507044	0.8396233211952493	0.8293936692766725	0.71564621907313	0.8421973234599155	0.8275014108791635	0.8351516880424348	0.7845798928965139	0.8215161956986109	0.8167960289604476	0.7985746303069059	0.6854980116634568	0.8234180277798778	0.7128773744706679	0.8184665238510641	0.8152697947201057	0.7847877566950742	0.8247891409293061	0.8390007309187291
0.818247720401843	0.7948787143363318	0.6089917300557662	0.8211623060609267	0.6930704123600815	0.6214472700825097	0.8346929763868987	0.7920209401212505	0.7160905672471825	0.8273962751874295	0.8188813476726066	0.7926934530655918	0.7070770515854887	0.803258604073084	0.7100212063521182	0.8121880367553401	0.797451139349963	0.8115053170063412	0.7935277533265266	0.8216471336633104	0.8585824729481036	0.687758565933115	0.8103898650712117	0.8046402448883333	0.8271193323216798	0.4934224991419569	0.8140298253507885	0.7136001633388703	0.8248833728476745	0.8150648008239625	0.8069256352328383	0.7418221875450306	0.711753874826837	0.7810416388003533	0.8254559060317891	0.775007240023849	0.8054313936816044	0.8123576318263142	0.8077821276265896	0.8305000253412741	0.6231967891661079	0.7207513767802394	0.6087344369620202	0.8018854625197662	0.8453510678703956	0.792962162214076	0.8051692487090807	0.8270813077166	0.7842964139019291	0.8185750097570244	0.796586221551351	0.8263033311271606	0.8127504775461796	0.8749167647647502	0.7012676944070683	0.8035211934795864	0.8012808301926742	0.8129763304365755	0.7576451185289448	0.841058081969281	0.7943183358324186	0.8186371165941362	0.8649804321693496	0.8325613445441291	0.8070550367714151	0.7219995792380448	0.8163587053198849	0.8231510378646253	0.8149916706013839	0.8419261135150289	0.8002199145514479	0.8179537901602003	0.6951416541959766	0.8400213463364339	0.8109258291723555	0.8199635595935912	0.8351445088766196	0.832686061660161	0.7791544127226312	0.8151148683377885	0.8008042312447131	0.6697420879194388	0.7954446290766419	0.8245613958468729	0.8177912454650429	0.7482676873566915	0.7984212893356863	0.817659402495703	0.8462915222191287	0.8186938071437392	0.8040770242208131	0.8321911497238708	0.8237621069626937	0.7477329179503635	0.8020524988028478	0.8462944569511703	0.8316067240536358	0.7883867674808253	0.7861733779160276	0.7986911748111397
0.7810179810796183	0.6921176550579689	0.5929642997480418	0.7164097941465468	0.813736502316649	0.8185194591673344	0.7980807565144984	0.7078485577642549	0.6227992919721977	0.8415431602927733	0.496869754570335	0.8076533149543824	0.8141684136701347	0.8202958705103858	0.8226544437170416	0.783102059648042	0.8369061459610616	0.8084673653135528	0.27964320889132577	0.7211884310193138	0.7237114524237033	0.7038631806409966	0.635459642211628	0.6929688198959687	0.8251579175167784	0.7904358201311963	0.8284547864862579	0.8191077573388476	0.5078957807752326	0.7136642868782413	0.6181186234845609	0.7209760215884335	0.8328360013965317	0.6938613598709433	0.8157524905297552	0.7957615386750573	0.7386142364845942	0.83141344312188	0.795382820393672	0.8735732972091709	0.8320862849903219	0.5951844016582091	0.7832058691647692	0.8349344266679724	0.7288873256512234	0.6997837695748791	0.8218867787937523	0.8062346416691195	0.8392651690791063	0.5740799139318413	0.7979642258883705	0.7932642125055145	0.6882042620737173	0.6276696861370414	0.5898835589872887	0.6254813709637753	0.6878065925551183	0.8024820261265969	0.605674643459046	0.7199299157890123	0.8147268645324425	0.8248642921125663	0.7173397352883414	0.5837137869936864	0.7892970713557187	0.8182039284009373	0.8153427910385079	0.8109691010443203	0.8415918058148114	0.57514073327123	0.8416572491490818	0.8351942618640961	0.7263209863198024	0.5370424558397989	0.607044132962371	0.7046975476765718	0.6059922183909449	0.8021916204396633	0.5782032115338515	0.81327333258311	0.706693209152121	0.8150025256455758	0.822254635519078	0.8151648671887717	0.8289701165193247	0.6231097992355847	0.8075432910562557	0.7877042216191829	0.7250215683951662	0.8041490696524898	0.7059294092036453	0.6850585447155557	0.7046445231385011	0.6204011707997371	0.7037961443352364	0.8048105452106857	0.6336336899224349	0.8049765332317217	0.4843456214847837	0.3168747014563269
0.8368021708588281	0.8240140358114765	0.835137017644876	0.8196118115740711	0.8400625684691143	0.8288220288563081	0.8112063104915038	0.8502416281256909	0.8370872589395442	0.8249397516344007	0.8154640029520986	0.8309630510637607	0.8167240165661159	0.8633720271459384	0.8298822107490489	0.8390736432388485	0.8145536585577456	0.6055460832312555	0.8231708149362323	0.7333786970647411	0.8400584187024026	0.7007945720814877	0.8381777178140796	0.8359825353532941	0.8491347420374088	0.8407415055567842	0.8292504224448048	0.8288389034136965	0.7166965875355388	0.8285948562046763	0.7385190193010929	0.7357506610030604	0.8541170892251922	0.8301235938253743	0.8139179782239699	0.8178933081767625	0.8413356127693056	0.8216681679673925	0.7373212474132476	0.8281703068682301	0.7051929086819633	0.8097084469298065	0.7290131156858785	0.7974157005892499	0.8218325902609207	0.8188855316295351	0.7976614381245595	0.8195101240311539	0.7255895139729873	0.830915886775868	0.5568214376942242	0.8563032877241885	0.8538648426085229	0.871614892099208	0.848110807853218	0.8262766034315967	0.8452523713066316	0.7321898490579537	0.6273997011978463	0.8241827164434131	0.8323268467043158	0.8266416106492296	0.8007366773818404	0.8421010954962088	0.8184622248892643	0.806985699552178	0.7586799089759798	0.8165943785546591	0.8766494503584684	0.8337897175638737	0.8288742949308502	0.7992343376507319	0.8396114995243097	0.8163220170000903	0.8562523030411054	0.8309841768957652	0.8033317910112591	0.8254365798498746	0.8202116417194513	0.8475885200785354	0.7883783113930735	0.6128936839353996	0.8271074508123816	0.8490527187236556	0.7869251594342329	0.8614994596415081	0.8235739991937088	0.8415432103382302	0.8243343020173938	0.8161632339850313	0.8285422498385846	0.8697595295126809	0.7936238850674293	0.8213992747584999	0.8649254552452083	0.8513985630715283	0.8177714851817711	0.8154827077182449	0.8530096563799198	0.8504593566701912
0.8545078152517279	0.8204928457164725	0.6935954353403385	0.6727945706238271	0.8254057650605026	0.8645114803155106	0.7945610407665066	0.8366328928651363	0.8411552281933985	0.7503652126170386	0.8006468206347123	0.8366891101226099	0.7254972092417686	0.826537379577446	0.7972415520890265	0.7069979871879783	0.8395154411867346	0.7131638171190928	0.8213405884012562	0.8338411641517907	0.8413623977536218	0.8212040931305629	0.5231503880754946	0.8078090006999171	0.8117944831670288	0.7265240410389896	0.8192561337834673	0.7226781579645889	0.8364440671974768	0.8020043769569934	0.805061749969914	0.8407824080842073	0.8782041578824524	0.5650297429060429	0.7272152766732903	0.6151383852844755	0.8520749680438623	0.8110889061597069	0.8476468990255589	0.8341321486535482	0.7221130757794763	0.808948799629134	0.8510802574136783	0.7201938173630604	0.8142037609807278	0.8452872163109223	0.8283102299120547	0.6799857398045687	0.846638447647586	0.6204325903469181	0.8090197913127466	0.7902524363980317	0.8384251099360618	0.8191793177745005	0.8034115345903362	0.7757266839203402	0.7043918504099526	0.8440482233885365	0.6124485751965453	0.8706436638918157	0.8565411350133142	0.8409837139581784	0.6940614165387909	0.832311876712412	0.8284109769013039	0.7712230363482487	0.7956278966819543	0.5224435358849815	0.6924759315093487	0.6312968211219873	0.8059570264005451	0.8552417708266411	0.8555622812293919	0.8119286843290725	0.8135318524309868	0.8210171278953525	0.8160278535248213	0.796431131169914	0.7333118426076558	0.8256792955217596	0.8197715110282101	0.8730775859203732	0.803159631944838	0.8276366629883948	0.8124498449446587	0.8233846231884958	0.8264346561072948	0.8563740773781278	0.7981337431526061	0.71861306370447	0.8031304246649047	0.7145772236577278	0.7922201577364909	0.8016216627214453	0.7004627598439334	0.583268340201706	0.8341203638620646	0.8164408355044721	0.8401212419586149	0.7180502060057486
0.8279440621263684	0.842869526260873	0.6355942789822516	0.8191285469643735	0.8147498041671755	0.6955660304107767	0.6799945447942672	0.8008549217197987	0.8145597138671078	0.7273769126233743	0.7218605017696013	0.8285234958009777	0.8728392200234873	0.7869239001936812	0.8264353710357922	0.703582604553381	0.8289731836502171	0.821234989299466	0.8146251242655491	0.8306763129986842	0.8207634861480418	0.41950732819917286	0.7435340554800008	0.8301444323148282	0.8377061815513933	0.7048822924196476	0.7750033481158177	0.8319585555962624	0.8539213102954507	0.8037397137470522	0.8083825194466552	0.7401116789625815	0.7392040883173558	0.8001683789208326	0.8092145690742095	0.7338429154358693	0.8222671349032579	0.8113309493276056	0.7260791093469129	0.6382315692928949	0.842460121913598	0.8667450652710793	0.737108862443191	0.7135051599073375	0.8177516950817187	0.8296160927026971	0.8552013929557851	0.615272485063917	0.3029428417659478	0.8340910054902294	0.8332115898167781	0.8335318303403461	0.8564867049776276	0.8179169776361689	0.8383389456196102	0.8268255379769731	0.7979502971681462	0.8341676637641039	0.8359937928232604	0.8209385468881637	0.8307195606813247	0.8160845196612996	0.7162014229198242	0.8152460462122064	0.7564447212183542	0.7945160517576683	0.8204637838782243	0.6400061106395257	0.8001559265584881	0.770297115838357	0.8081398309483536	0.8304573138939648	0.8267867481811606	0.7970642396637496	0.8191671159313278	0.8226040268892068	0.7957704828078038	0.8273891489203629	0.8346456409485897	0.797079324120336	0.831283056105735	0.801897531882654	0.797625243665172	0.832595778901968	0.8186175740533832	0.8538067337700058	0.8495830591761966	0.8175196387143122	0.8142864472984219	0.8325643560863523	0.7231216764543267	0.8140313816254554	0.7897749760914556	0.8218373725289015	0.8329813643173096	0.7002196813241505	0.8268025843900235	0.8625354174155617	0.8193066359398677	0.7901365488186458
0.7772449457385011	0.6061840767529104	0.7941611006503716	0.7260666242479684	0.8030588082044724	0.7361362791831294	0.8220836402039269	0.8374274638927524	0.8407957919732242	0.8123911721493178	0.724295783397488	0.8165660441874576	0.8498522157244409	0.8190856284741186	0.807233427078013	0.8023325184665324	0.8401222283603687	0.8093332094600484	0.8054290865543837	0.8022767707254846	0.7890038028929531	0.8219057668436024	0.821676347434955	0.8280194634756176	0.7170226321066021	0.6860501465560368	0.8006136980974745	0.8274893721780249	0.49893162751139575	0.6648529899507256	0.6845074519889415	0.8075433649150459	0.8085336223575428	0.7390013480363091	0.6944133873789253	0.8348118366804033	0.40742710591765724	0.7078516091049941	0.821818699713859	0.7520136093402734	0.814760887988878	0.8041620383687333	0.8164843174659646	0.8155650862969229	0.829504657664049	0.7828938788750663	0.843975282876208	0.8088574098878814	0.7030638256470926	0.7952335615523889	0.8173086426402032	0.825753989567829	0.8033644889898015	0.8142070158760603	0.815850376806451	0.5914854450191332	0.8316763608585926	0.8169318508891286	0.813103891571673	0.8166677075393194	0.815338506698307	0.825677626972216	0.6159902232860398	0.8229695058238112	0.7922908197807716	0.8008364459801331	0.8416495087712136	0.8605295963787835	0.8337096191212034	0.8151572335002084	0.8731399796545751	0.6980881849556659	0.721250725849548	0.7199690263589174	0.7994582091127507	0.8219478465178693	0.7908271085993184	0.8130201911972448	0.7151665747842534	0.8066089176697405	0.6993491871612035	0.7905062767696444	0.7872741375560838	0.8221311827659308	0.7122100074571316	0.7136082911101514	0.8163612129579009	0.7768244417689352	0.854018888093761	0.8214744633616763	0.8127606957458955	0.7861523724290985	0.8154732414113239	0.8213333708258054	0.8069033504021358	0.7000666977024886	0.795522823961794	0.837827613427692	0.8152500637412889	0.48728949034853236
